epoch,train_loss,val_loss,train_f1_macro,val_f1_macro,lr,batch_size,arch,weight_decay,dropout,seed,batch_size_from_dir,lr_from_dir,run_name,run_dir
0,1.857639977476332,1.659392894744873,0.332243520702786,0.329788624109241,0.01,64,mbv2,0,0.2,123,64,0.01,mbv2_bs64_lr1e-2_wd_0_dp_2e-1_seed_123,C:\Users\jakub\Documents\Magisterskie\DeepLearning\mobilenet\experiments\lr_new\experiments\mbv2_bs64_lr1e-2_wd_0_dp_2e-1_seed_123
1,1.500369714609782,1.6049769297652774,0.4327487626618505,0.4290623524243543,0.01,64,mbv2,0,0.2,123,64,0.01,mbv2_bs64_lr1e-2_wd_0_dp_2e-1_seed_123,C:\Users\jakub\Documents\Magisterskie\DeepLearning\mobilenet\experiments\lr_new\experiments\mbv2_bs64_lr1e-2_wd_0_dp_2e-1_seed_123
2,1.3115365552054512,1.2487158958435058,0.5486520377691315,0.5353357914397459,0.01,64,mbv2,0,0.2,123,64,0.01,mbv2_bs64_lr1e-2_wd_0_dp_2e-1_seed_123,C:\Users\jakub\Documents\Magisterskie\DeepLearning\mobilenet\experiments\lr_new\experiments\mbv2_bs64_lr1e-2_wd_0_dp_2e-1_seed_123
3,1.2036616958194308,1.2564537532117632,0.549302021750774,0.5385031560282322,0.01,64,mbv2,0,0.2,123,64,0.01,mbv2_bs64_lr1e-2_wd_0_dp_2e-1_seed_123,C:\Users\jakub\Documents\Magisterskie\DeepLearning\mobilenet\experiments\lr_new\experiments\mbv2_bs64_lr1e-2_wd_0_dp_2e-1_seed_123
4,1.126664968978034,1.084509398121304,0.6244889876288694,0.6048793055658153,0.01,64,mbv2,0,0.2,123,64,0.01,mbv2_bs64_lr1e-2_wd_0_dp_2e-1_seed_123,C:\Users\jakub\Documents\Magisterskie\DeepLearning\mobilenet\experiments\lr_new\experiments\mbv2_bs64_lr1e-2_wd_0_dp_2e-1_seed_123
5,1.066307307900323,1.1036409506162008,0.6228322322261164,0.6026798810150997,0.01,64,mbv2,0,0.2,123,64,0.01,mbv2_bs64_lr1e-2_wd_0_dp_2e-1_seed_123,C:\Users\jakub\Documents\Magisterskie\DeepLearning\mobilenet\experiments\lr_new\experiments\mbv2_bs64_lr1e-2_wd_0_dp_2e-1_seed_123
6,1.0126220755047268,0.9865453015539382,0.6689001828985104,0.6428622550476258,0.01,64,mbv2,0,0.2,123,64,0.01,mbv2_bs64_lr1e-2_wd_0_dp_2e-1_seed_123,C:\Users\jakub\Documents\Magisterskie\DeepLearning\mobilenet\experiments\lr_new\experiments\mbv2_bs64_lr1e-2_wd_0_dp_2e-1_seed_123
7,0.9636287150912816,1.0199316601806216,0.6664965134325765,0.6349224734550588,0.01,64,mbv2,0,0.2,123,64,0.01,mbv2_bs64_lr1e-2_wd_0_dp_2e-1_seed_123,C:\Users\jakub\Documents\Magisterskie\DeepLearning\mobilenet\experiments\lr_new\experiments\mbv2_bs64_lr1e-2_wd_0_dp_2e-1_seed_123
8,0.9271514245351156,0.9673454024473828,0.6818817335351738,0.6505134084130569,0.01,64,mbv2,0,0.2,123,64,0.01,mbv2_bs64_lr1e-2_wd_0_dp_2e-1_seed_123,C:\Users\jakub\Documents\Magisterskie\DeepLearning\mobilenet\experiments\lr_new\experiments\mbv2_bs64_lr1e-2_wd_0_dp_2e-1_seed_123
9,0.8897454555511475,0.9249622506565518,0.7093424406147122,0.6709550568566389,0.01,64,mbv2,0,0.2,123,64,0.01,mbv2_bs64_lr1e-2_wd_0_dp_2e-1_seed_123,C:\Users\jakub\Documents\Magisterskie\DeepLearning\mobilenet\experiments\lr_new\experiments\mbv2_bs64_lr1e-2_wd_0_dp_2e-1_seed_123
10,0.862421757835812,0.916052267604404,0.7198636990174121,0.6773298948694184,0.01,64,mbv2,0,0.2,123,64,0.01,mbv2_bs64_lr1e-2_wd_0_dp_2e-1_seed_123,C:\Users\jakub\Documents\Magisterskie\DeepLearning\mobilenet\experiments\lr_new\experiments\mbv2_bs64_lr1e-2_wd_0_dp_2e-1_seed_123
11,0.8308922815534804,0.8782662755674786,0.7323621305677491,0.687273341574015,0.01,64,mbv2,0,0.2,123,64,0.01,mbv2_bs64_lr1e-2_wd_0_dp_2e-1_seed_123,C:\Users\jakub\Documents\Magisterskie\DeepLearning\mobilenet\experiments\lr_new\experiments\mbv2_bs64_lr1e-2_wd_0_dp_2e-1_seed_123
12,0.8045766683472527,0.8811339655293359,0.7354547294534288,0.6866880099293045,0.01,64,mbv2,0,0.2,123,64,0.01,mbv2_bs64_lr1e-2_wd_0_dp_2e-1_seed_123,C:\Users\jakub\Documents\Magisterskie\DeepLearning\mobilenet\experiments\lr_new\experiments\mbv2_bs64_lr1e-2_wd_0_dp_2e-1_seed_123
13,0.7811122684054904,0.8789139137003157,0.7445393272673375,0.6914329689523383,0.01,64,mbv2,0,0.2,123,64,0.01,mbv2_bs64_lr1e-2_wd_0_dp_2e-1_seed_123,C:\Users\jakub\Documents\Magisterskie\DeepLearning\mobilenet\experiments\lr_new\experiments\mbv2_bs64_lr1e-2_wd_0_dp_2e-1_seed_123
14,0.7575017353587681,0.84891332054668,0.7629179744490762,0.7002565689128148,0.01,64,mbv2,0,0.2,123,64,0.01,mbv2_bs64_lr1e-2_wd_0_dp_2e-1_seed_123,C:\Users\jakub\Documents\Magisterskie\DeepLearning\mobilenet\experiments\lr_new\experiments\mbv2_bs64_lr1e-2_wd_0_dp_2e-1_seed_123
15,0.7350169106165568,0.8191909526851442,0.7713271251631493,0.7074840017301127,0.01,64,mbv2,0,0.2,123,64,0.01,mbv2_bs64_lr1e-2_wd_0_dp_2e-1_seed_123,C:\Users\jakub\Documents\Magisterskie\DeepLearning\mobilenet\experiments\lr_new\experiments\mbv2_bs64_lr1e-2_wd_0_dp_2e-1_seed_123
16,0.7170896573278639,0.8283519137647417,0.7728919896266373,0.7062548986120634,0.01,64,mbv2,0,0.2,123,64,0.01,mbv2_bs64_lr1e-2_wd_0_dp_2e-1_seed_123,C:\Users\jakub\Documents\Magisterskie\DeepLearning\mobilenet\experiments\lr_new\experiments\mbv2_bs64_lr1e-2_wd_0_dp_2e-1_seed_123
17,0.7017450348642137,0.8369148762570487,0.7779873199303846,0.704523805218641,0.01,64,mbv2,0,0.2,123,64,0.01,mbv2_bs64_lr1e-2_wd_0_dp_2e-1_seed_123,C:\Users\jakub\Documents\Magisterskie\DeepLearning\mobilenet\experiments\lr_new\experiments\mbv2_bs64_lr1e-2_wd_0_dp_2e-1_seed_123
18,0.6827325222757128,0.8790225358141793,0.7628319732648159,0.6934600342375153,0.01,64,mbv2,0,0.2,123,64,0.01,mbv2_bs64_lr1e-2_wd_0_dp_2e-1_seed_123,C:\Users\jakub\Documents\Magisterskie\DeepLearning\mobilenet\experiments\lr_new\experiments\mbv2_bs64_lr1e-2_wd_0_dp_2e-1_seed_123
19,0.6675880914476183,0.8409128995895385,0.7819580321506094,0.7060565425647605,0.01,64,mbv2,0,0.2,123,64,0.01,mbv2_bs64_lr1e-2_wd_0_dp_2e-1_seed_123,C:\Users\jakub\Documents\Magisterskie\DeepLearning\mobilenet\experiments\lr_new\experiments\mbv2_bs64_lr1e-2_wd_0_dp_2e-1_seed_123
20,0.6527549385918511,0.8301254750728607,0.7961628794585673,0.7121663045655271,0.01,64,mbv2,0,0.2,123,64,0.01,mbv2_bs64_lr1e-2_wd_0_dp_2e-1_seed_123,C:\Users\jakub\Documents\Magisterskie\DeepLearning\mobilenet\experiments\lr_new\experiments\mbv2_bs64_lr1e-2_wd_0_dp_2e-1_seed_123
21,0.6318231600761414,0.8025631360265943,0.8058743698971444,0.7163921799092764,0.01,64,mbv2,0,0.2,123,64,0.01,mbv2_bs64_lr1e-2_wd_0_dp_2e-1_seed_123,C:\Users\jakub\Documents\Magisterskie\DeepLearning\mobilenet\experiments\lr_new\experiments\mbv2_bs64_lr1e-2_wd_0_dp_2e-1_seed_123
22,0.6207563011593289,0.8275733911673228,0.810956703901976,0.7213627621861263,0.01,64,mbv2,0,0.2,123,64,0.01,mbv2_bs64_lr1e-2_wd_0_dp_2e-1_seed_123,C:\Users\jakub\Documents\Magisterskie\DeepLearning\mobilenet\experiments\lr_new\experiments\mbv2_bs64_lr1e-2_wd_0_dp_2e-1_seed_123
23,0.6081444398138258,0.8184287847889794,0.8131624259573277,0.7192268080077209,0.01,64,mbv2,0,0.2,123,64,0.01,mbv2_bs64_lr1e-2_wd_0_dp_2e-1_seed_123,C:\Users\jakub\Documents\Magisterskie\DeepLearning\mobilenet\experiments\lr_new\experiments\mbv2_bs64_lr1e-2_wd_0_dp_2e-1_seed_123
24,0.5966334555308024,0.8263467467943827,0.8140665521203401,0.7156479581193953,0.01,64,mbv2,0,0.2,123,64,0.01,mbv2_bs64_lr1e-2_wd_0_dp_2e-1_seed_123,C:\Users\jakub\Documents\Magisterskie\DeepLearning\mobilenet\experiments\lr_new\experiments\mbv2_bs64_lr1e-2_wd_0_dp_2e-1_seed_123
25,0.5823915010664198,0.8224557616657681,0.8200039638357299,0.718116197828736,0.01,64,mbv2,0,0.2,123,64,0.01,mbv2_bs64_lr1e-2_wd_0_dp_2e-1_seed_123,C:\Users\jakub\Documents\Magisterskie\DeepLearning\mobilenet\experiments\lr_new\experiments\mbv2_bs64_lr1e-2_wd_0_dp_2e-1_seed_123
0,1.7920910520341662,1.500866953192817,0.3993036523721096,0.3952669408278015,0.01,64,mbv2,0,0.2,2024,64,0.01,mbv2_bs64_lr1e-2_wd_0_dp_2e-1_seed_2024,C:\Users\jakub\Documents\Magisterskie\DeepLearning\mobilenet\experiments\lr_new\experiments\mbv2_bs64_lr1e-2_wd_0_dp_2e-1_seed_2024
1,1.442878984875149,1.363167865562439,0.503595229127074,0.4976228107966484,0.01,64,mbv2,0,0.2,2024,64,0.01,mbv2_bs64_lr1e-2_wd_0_dp_2e-1_seed_2024,C:\Users\jakub\Documents\Magisterskie\DeepLearning\mobilenet\experiments\lr_new\experiments\mbv2_bs64_lr1e-2_wd_0_dp_2e-1_seed_2024
2,1.2670017441007826,1.2556177291234334,0.5543244674528424,0.5427003802068834,0.01,64,mbv2,0,0.2,2024,64,0.01,mbv2_bs64_lr1e-2_wd_0_dp_2e-1_seed_2024,C:\Users\jakub\Documents\Magisterskie\DeepLearning\mobilenet\experiments\lr_new\experiments\mbv2_bs64_lr1e-2_wd_0_dp_2e-1_seed_2024
3,1.1636478710598417,1.1047828417883978,0.6100142728026756,0.592681990404593,0.01,64,mbv2,0,0.2,2024,64,0.01,mbv2_bs64_lr1e-2_wd_0_dp_2e-1_seed_2024,C:\Users\jakub\Documents\Magisterskie\DeepLearning\mobilenet\experiments\lr_new\experiments\mbv2_bs64_lr1e-2_wd_0_dp_2e-1_seed_2024
4,1.0879610902998182,1.0646248151885138,0.6358977618255544,0.6163899122997107,0.01,64,mbv2,0,0.2,2024,64,0.01,mbv2_bs64_lr1e-2_wd_0_dp_2e-1_seed_2024,C:\Users\jakub\Documents\Magisterskie\DeepLearning\mobilenet\experiments\lr_new\experiments\mbv2_bs64_lr1e-2_wd_0_dp_2e-1_seed_2024
5,1.0256191122690836,1.022855292860667,0.6550736887854438,0.6292745479167499,0.01,64,mbv2,0,0.2,2024,64,0.01,mbv2_bs64_lr1e-2_wd_0_dp_2e-1_seed_2024,C:\Users\jakub\Documents\Magisterskie\DeepLearning\mobilenet\experiments\lr_new\experiments\mbv2_bs64_lr1e-2_wd_0_dp_2e-1_seed_2024
6,0.9771229534573024,0.9690663258552552,0.6813078237372192,0.652912758850523,0.01,64,mbv2,0,0.2,2024,64,0.01,mbv2_bs64_lr1e-2_wd_0_dp_2e-1_seed_2024,C:\Users\jakub\Documents\Magisterskie\DeepLearning\mobilenet\experiments\lr_new\experiments\mbv2_bs64_lr1e-2_wd_0_dp_2e-1_seed_2024
7,0.928010009765625,0.9463994800143772,0.6833411697042784,0.651898607538121,0.01,64,mbv2,0,0.2,2024,64,0.01,mbv2_bs64_lr1e-2_wd_0_dp_2e-1_seed_2024,C:\Users\jakub\Documents\Magisterskie\DeepLearning\mobilenet\experiments\lr_new\experiments\mbv2_bs64_lr1e-2_wd_0_dp_2e-1_seed_2024
8,0.8914757905960083,0.8968464168230692,0.7170943915724177,0.677898213018467,0.01,64,mbv2,0,0.2,2024,64,0.01,mbv2_bs64_lr1e-2_wd_0_dp_2e-1_seed_2024,C:\Users\jakub\Documents\Magisterskie\DeepLearning\mobilenet\experiments\lr_new\experiments\mbv2_bs64_lr1e-2_wd_0_dp_2e-1_seed_2024
9,0.8532301428476969,0.9336392512215508,0.7004020293469982,0.66340169366692,0.01,64,mbv2,0,0.2,2024,64,0.01,mbv2_bs64_lr1e-2_wd_0_dp_2e-1_seed_2024,C:\Users\jakub\Documents\Magisterskie\DeepLearning\mobilenet\experiments\lr_new\experiments\mbv2_bs64_lr1e-2_wd_0_dp_2e-1_seed_2024
10,0.8214658799489339,0.8753088402483198,0.7361871882151096,0.6880848666270831,0.01,64,mbv2,0,0.2,2024,64,0.01,mbv2_bs64_lr1e-2_wd_0_dp_2e-1_seed_2024,C:\Users\jakub\Documents\Magisterskie\DeepLearning\mobilenet\experiments\lr_new\experiments\mbv2_bs64_lr1e-2_wd_0_dp_2e-1_seed_2024
11,0.7951583310445149,0.86270422539711,0.7394670683172861,0.6905614510105897,0.01,64,mbv2,0,0.2,2024,64,0.01,mbv2_bs64_lr1e-2_wd_0_dp_2e-1_seed_2024,C:\Users\jakub\Documents\Magisterskie\DeepLearning\mobilenet\experiments\lr_new\experiments\mbv2_bs64_lr1e-2_wd_0_dp_2e-1_seed_2024
12,0.7726416124131944,0.8563061966101329,0.7442947945602064,0.6928843360207829,0.01,64,mbv2,0,0.2,2024,64,0.01,mbv2_bs64_lr1e-2_wd_0_dp_2e-1_seed_2024,C:\Users\jakub\Documents\Magisterskie\DeepLearning\mobilenet\experiments\lr_new\experiments\mbv2_bs64_lr1e-2_wd_0_dp_2e-1_seed_2024
13,0.7503651856528388,0.8309867987261879,0.7601822569101265,0.7030347561514831,0.01,64,mbv2,0,0.2,2024,64,0.01,mbv2_bs64_lr1e-2_wd_0_dp_2e-1_seed_2024,C:\Users\jakub\Documents\Magisterskie\DeepLearning\mobilenet\experiments\lr_new\experiments\mbv2_bs64_lr1e-2_wd_0_dp_2e-1_seed_2024
14,0.7273114938312106,0.8368483080810971,0.765559301447052,0.7033892147558811,0.01,64,mbv2,0,0.2,2024,64,0.01,mbv2_bs64_lr1e-2_wd_0_dp_2e-1_seed_2024,C:\Users\jakub\Documents\Magisterskie\DeepLearning\mobilenet\experiments\lr_new\experiments\mbv2_bs64_lr1e-2_wd_0_dp_2e-1_seed_2024
15,0.7099346771028306,0.8479161025471158,0.76784884783669,0.704054526726616,0.01,64,mbv2,0,0.2,2024,64,0.01,mbv2_bs64_lr1e-2_wd_0_dp_2e-1_seed_2024,C:\Users\jakub\Documents\Magisterskie\DeepLearning\mobilenet\experiments\lr_new\experiments\mbv2_bs64_lr1e-2_wd_0_dp_2e-1_seed_2024
16,0.6894351943545871,0.8005129735575782,0.7833208972740735,0.7147204220933083,0.01,64,mbv2,0,0.2,2024,64,0.01,mbv2_bs64_lr1e-2_wd_0_dp_2e-1_seed_2024,C:\Users\jakub\Documents\Magisterskie\DeepLearning\mobilenet\experiments\lr_new\experiments\mbv2_bs64_lr1e-2_wd_0_dp_2e-1_seed_2024
17,0.6690004616737366,0.8261024527364307,0.7843746720732401,0.7096168764797407,0.01,64,mbv2,0,0.2,2024,64,0.01,mbv2_bs64_lr1e-2_wd_0_dp_2e-1_seed_2024,C:\Users\jakub\Documents\Magisterskie\DeepLearning\mobilenet\experiments\lr_new\experiments\mbv2_bs64_lr1e-2_wd_0_dp_2e-1_seed_2024
18,0.6535350789811876,0.8142196464485593,0.7966608907454077,0.7182773047919798,0.01,64,mbv2,0,0.2,2024,64,0.01,mbv2_bs64_lr1e-2_wd_0_dp_2e-1_seed_2024,C:\Users\jakub\Documents\Magisterskie\DeepLearning\mobilenet\experiments\lr_new\experiments\mbv2_bs64_lr1e-2_wd_0_dp_2e-1_seed_2024
19,0.6345756124072605,0.7951684258116616,0.8028951513331195,0.7217867640891248,0.01,64,mbv2,0,0.2,2024,64,0.01,mbv2_bs64_lr1e-2_wd_0_dp_2e-1_seed_2024,C:\Users\jakub\Documents\Magisterskie\DeepLearning\mobilenet\experiments\lr_new\experiments\mbv2_bs64_lr1e-2_wd_0_dp_2e-1_seed_2024
20,0.6244905919922723,0.7869090603404575,0.813995898150069,0.7264064968780442,0.01,64,mbv2,0,0.2,2024,64,0.01,mbv2_bs64_lr1e-2_wd_0_dp_2e-1_seed_2024,C:\Users\jakub\Documents\Magisterskie\DeepLearning\mobilenet\experiments\lr_new\experiments\mbv2_bs64_lr1e-2_wd_0_dp_2e-1_seed_2024
21,0.6078510794745551,0.8350293502251307,0.8039609752607049,0.7144014026329931,0.01,64,mbv2,0,0.2,2024,64,0.01,mbv2_bs64_lr1e-2_wd_0_dp_2e-1_seed_2024,C:\Users\jakub\Documents\Magisterskie\DeepLearning\mobilenet\experiments\lr_new\experiments\mbv2_bs64_lr1e-2_wd_0_dp_2e-1_seed_2024
22,0.5920794402228461,0.8187002554363675,0.8181530505101179,0.7220022779977981,0.01,64,mbv2,0,0.2,2024,64,0.01,mbv2_bs64_lr1e-2_wd_0_dp_2e-1_seed_2024,C:\Users\jakub\Documents\Magisterskie\DeepLearning\mobilenet\experiments\lr_new\experiments\mbv2_bs64_lr1e-2_wd_0_dp_2e-1_seed_2024
23,0.5780073533376058,0.821334231127633,0.8250842394409641,0.7218506762673399,0.01,64,mbv2,0,0.2,2024,64,0.01,mbv2_bs64_lr1e-2_wd_0_dp_2e-1_seed_2024,C:\Users\jakub\Documents\Magisterskie\DeepLearning\mobilenet\experiments\lr_new\experiments\mbv2_bs64_lr1e-2_wd_0_dp_2e-1_seed_2024
24,0.5685541082382202,0.8201420474661721,0.8270625144298218,0.7217548838786203,0.01,64,mbv2,0,0.2,2024,64,0.01,mbv2_bs64_lr1e-2_wd_0_dp_2e-1_seed_2024,C:\Users\jakub\Documents\Magisterskie\DeepLearning\mobilenet\experiments\lr_new\experiments\mbv2_bs64_lr1e-2_wd_0_dp_2e-1_seed_2024
25,0.5570631455633376,0.8110171421713299,0.8364933114096955,0.7241475668380108,0.01,64,mbv2,0,0.2,2024,64,0.01,mbv2_bs64_lr1e-2_wd_0_dp_2e-1_seed_2024,C:\Users\jakub\Documents\Magisterskie\DeepLearning\mobilenet\experiments\lr_new\experiments\mbv2_bs64_lr1e-2_wd_0_dp_2e-1_seed_2024
0,1.9659679408603243,1.7770035590277775,0.2807599924660225,0.2808172071461948,0.01,64,mbv2,0,0.2,42,64,0.01,mbv2_bs64_lr1e-2_wd_0_dp_2e-1_seed_42,C:\Users\jakub\Documents\Magisterskie\DeepLearning\mobilenet\experiments\lr_new\experiments\mbv2_bs64_lr1e-2_wd_0_dp_2e-1_seed_42
1,1.676040310075548,1.5450024122873942,0.4065683857230581,0.4037582256980957,0.01,64,mbv2,0,0.2,42,64,0.01,mbv2_bs64_lr1e-2_wd_0_dp_2e-1_seed_42,C:\Users\jakub\Documents\Magisterskie\DeepLearning\mobilenet\experiments\lr_new\experiments\mbv2_bs64_lr1e-2_wd_0_dp_2e-1_seed_42
2,1.443636371421814,1.5578863179206848,0.4094287905975931,0.4039910313764026,0.01,64,mbv2,0,0.2,42,64,0.01,mbv2_bs64_lr1e-2_wd_0_dp_2e-1_seed_42,C:\Users\jakub\Documents\Magisterskie\DeepLearning\mobilenet\experiments\lr_new\experiments\mbv2_bs64_lr1e-2_wd_0_dp_2e-1_seed_42
3,1.296754231007894,1.2372605726877848,0.5554472473044244,0.5393160979913145,0.01,64,mbv2,0,0.2,42,64,0.01,mbv2_bs64_lr1e-2_wd_0_dp_2e-1_seed_42,C:\Users\jakub\Documents\Magisterskie\DeepLearning\mobilenet\experiments\lr_new\experiments\mbv2_bs64_lr1e-2_wd_0_dp_2e-1_seed_42
4,1.1927263858159385,1.17549694603814,0.5827276354295368,0.5647927662733351,0.01,64,mbv2,0,0.2,42,64,0.01,mbv2_bs64_lr1e-2_wd_0_dp_2e-1_seed_42,C:\Users\jakub\Documents\Magisterskie\DeepLearning\mobilenet\experiments\lr_new\experiments\mbv2_bs64_lr1e-2_wd_0_dp_2e-1_seed_42
5,1.117093989054362,1.1075847095913358,0.6202189984834098,0.5955548399588333,0.01,64,mbv2,0,0.2,42,64,0.01,mbv2_bs64_lr1e-2_wd_0_dp_2e-1_seed_42,C:\Users\jakub\Documents\Magisterskie\DeepLearning\mobilenet\experiments\lr_new\experiments\mbv2_bs64_lr1e-2_wd_0_dp_2e-1_seed_42
6,1.0620369277954105,1.0682686311827765,0.6340876515798086,0.608236952820387,0.01,64,mbv2,0,0.2,42,64,0.01,mbv2_bs64_lr1e-2_wd_0_dp_2e-1_seed_42,C:\Users\jakub\Documents\Magisterskie\DeepLearning\mobilenet\experiments\lr_new\experiments\mbv2_bs64_lr1e-2_wd_0_dp_2e-1_seed_42
7,1.0103569952964784,1.0448513072543677,0.644439980333765,0.6128902233359789,0.01,64,mbv2,0,0.2,42,64,0.01,mbv2_bs64_lr1e-2_wd_0_dp_2e-1_seed_42,C:\Users\jakub\Documents\Magisterskie\DeepLearning\mobilenet\experiments\lr_new\experiments\mbv2_bs64_lr1e-2_wd_0_dp_2e-1_seed_42
8,0.9692590202755398,1.069216510131624,0.6448064391719757,0.6149893624025283,0.01,64,mbv2,0,0.2,42,64,0.01,mbv2_bs64_lr1e-2_wd_0_dp_2e-1_seed_42,C:\Users\jakub\Documents\Magisterskie\DeepLearning\mobilenet\experiments\lr_new\experiments\mbv2_bs64_lr1e-2_wd_0_dp_2e-1_seed_42
9,0.9304604279412164,0.9907818813853794,0.6806411561592258,0.6409693404875197,0.01,64,mbv2,0,0.2,42,64,0.01,mbv2_bs64_lr1e-2_wd_0_dp_2e-1_seed_42,C:\Users\jakub\Documents\Magisterskie\DeepLearning\mobilenet\experiments\lr_new\experiments\mbv2_bs64_lr1e-2_wd_0_dp_2e-1_seed_42
10,0.8953384842342801,0.9605254703097872,0.6899312834592564,0.6492698048769165,0.01,64,mbv2,0,0.2,42,64,0.01,mbv2_bs64_lr1e-2_wd_0_dp_2e-1_seed_42,C:\Users\jakub\Documents\Magisterskie\DeepLearning\mobilenet\experiments\lr_new\experiments\mbv2_bs64_lr1e-2_wd_0_dp_2e-1_seed_42
11,0.8667363756815593,0.9649167788690992,0.7008777256430078,0.6542177780556014,0.01,64,mbv2,0,0.2,42,64,0.01,mbv2_bs64_lr1e-2_wd_0_dp_2e-1_seed_42,C:\Users\jakub\Documents\Magisterskie\DeepLearning\mobilenet\experiments\lr_new\experiments\mbv2_bs64_lr1e-2_wd_0_dp_2e-1_seed_42
12,0.838071234342787,0.941275908973482,0.7070936333366838,0.6590005794488596,0.01,64,mbv2,0,0.2,42,64,0.01,mbv2_bs64_lr1e-2_wd_0_dp_2e-1_seed_42,C:\Users\jakub\Documents\Magisterskie\DeepLearning\mobilenet\experiments\lr_new\experiments\mbv2_bs64_lr1e-2_wd_0_dp_2e-1_seed_42
13,0.8165373418596056,0.9054346085071564,0.7350249134762393,0.6778718830318233,0.01,64,mbv2,0,0.2,42,64,0.01,mbv2_bs64_lr1e-2_wd_0_dp_2e-1_seed_42,C:\Users\jakub\Documents\Magisterskie\DeepLearning\mobilenet\experiments\lr_new\experiments\mbv2_bs64_lr1e-2_wd_0_dp_2e-1_seed_42
14,0.7895915878931681,0.9030332644621532,0.7371049069226326,0.6775698755169707,0.01,64,mbv2,0,0.2,42,64,0.01,mbv2_bs64_lr1e-2_wd_0_dp_2e-1_seed_42,C:\Users\jakub\Documents\Magisterskie\DeepLearning\mobilenet\experiments\lr_new\experiments\mbv2_bs64_lr1e-2_wd_0_dp_2e-1_seed_42
15,0.7671924857404497,0.8587770438936022,0.7587947551177228,0.6923454441033312,0.01,64,mbv2,0,0.2,42,64,0.01,mbv2_bs64_lr1e-2_wd_0_dp_2e-1_seed_42,C:\Users\jakub\Documents\Magisterskie\DeepLearning\mobilenet\experiments\lr_new\experiments\mbv2_bs64_lr1e-2_wd_0_dp_2e-1_seed_42
16,0.7491541202545166,0.9117822535620796,0.7497898084197414,0.6814197746341251,0.01,64,mbv2,0,0.2,42,64,0.01,mbv2_bs64_lr1e-2_wd_0_dp_2e-1_seed_42,C:\Users\jakub\Documents\Magisterskie\DeepLearning\mobilenet\experiments\lr_new\experiments\mbv2_bs64_lr1e-2_wd_0_dp_2e-1_seed_42
17,0.7305805903116862,0.8566021539847056,0.7736274758461854,0.6994005643947877,0.01,64,mbv2,0,0.2,42,64,0.01,mbv2_bs64_lr1e-2_wd_0_dp_2e-1_seed_42,C:\Users\jakub\Documents\Magisterskie\DeepLearning\mobilenet\experiments\lr_new\experiments\mbv2_bs64_lr1e-2_wd_0_dp_2e-1_seed_42
18,0.7107338904804653,0.8701158389674293,0.7667216997347548,0.6904750152378198,0.01,64,mbv2,0,0.2,42,64,0.01,mbv2_bs64_lr1e-2_wd_0_dp_2e-1_seed_42,C:\Users\jakub\Documents\Magisterskie\DeepLearning\mobilenet\experiments\lr_new\experiments\mbv2_bs64_lr1e-2_wd_0_dp_2e-1_seed_42
19,0.6928296776824527,0.8381518689632416,0.7894156019069362,0.7032280245687514,0.01,64,mbv2,0,0.2,42,64,0.01,mbv2_bs64_lr1e-2_wd_0_dp_2e-1_seed_42,C:\Users\jakub\Documents\Magisterskie\DeepLearning\mobilenet\experiments\lr_new\experiments\mbv2_bs64_lr1e-2_wd_0_dp_2e-1_seed_42
20,0.6795439570956759,0.8539454786406623,0.7947339899089816,0.7057930498556523,0.01,64,mbv2,0,0.2,42,64,0.01,mbv2_bs64_lr1e-2_wd_0_dp_2e-1_seed_42,C:\Users\jakub\Documents\Magisterskie\DeepLearning\mobilenet\experiments\lr_new\experiments\mbv2_bs64_lr1e-2_wd_0_dp_2e-1_seed_42
21,0.6603165490680271,0.8758297360645401,0.7789369841693718,0.6910771374107555,0.01,64,mbv2,0,0.2,42,64,0.01,mbv2_bs64_lr1e-2_wd_0_dp_2e-1_seed_42,C:\Users\jakub\Documents\Magisterskie\DeepLearning\mobilenet\experiments\lr_new\experiments\mbv2_bs64_lr1e-2_wd_0_dp_2e-1_seed_42
22,0.6431680408053928,0.8451202974875768,0.800348220737828,0.7063136699495677,0.01,64,mbv2,0,0.2,42,64,0.01,mbv2_bs64_lr1e-2_wd_0_dp_2e-1_seed_42,C:\Users\jakub\Documents\Magisterskie\DeepLearning\mobilenet\experiments\lr_new\experiments\mbv2_bs64_lr1e-2_wd_0_dp_2e-1_seed_42
23,0.6338984206517537,0.8622343339549171,0.8006824322102648,0.7030824315773816,0.01,64,mbv2,0,0.2,42,64,0.01,mbv2_bs64_lr1e-2_wd_0_dp_2e-1_seed_42,C:\Users\jakub\Documents\Magisterskie\DeepLearning\mobilenet\experiments\lr_new\experiments\mbv2_bs64_lr1e-2_wd_0_dp_2e-1_seed_42
24,0.6168592483520507,0.8904679065916273,0.8084711167768803,0.7052551358645067,0.01,64,mbv2,0,0.2,42,64,0.01,mbv2_bs64_lr1e-2_wd_0_dp_2e-1_seed_42,C:\Users\jakub\Documents\Magisterskie\DeepLearning\mobilenet\experiments\lr_new\experiments\mbv2_bs64_lr1e-2_wd_0_dp_2e-1_seed_42
25,0.603820299243927,0.8350439401255714,0.8138674840151667,0.7063001656577608,0.01,64,mbv2,0,0.2,42,64,0.01,mbv2_bs64_lr1e-2_wd_0_dp_2e-1_seed_42,C:\Users\jakub\Documents\Magisterskie\DeepLearning\mobilenet\experiments\lr_new\experiments\mbv2_bs64_lr1e-2_wd_0_dp_2e-1_seed_42
0,1.7946462457444932,1.6054199977874757,0.3817551980154012,0.3803797251055709,0.01,64,mbv2,0,0.2,7,64,0.01,mbv2_bs64_lr1e-2_wd_0_dp_2e-1_seed_7,C:\Users\jakub\Documents\Magisterskie\DeepLearning\mobilenet\experiments\lr_new\experiments\mbv2_bs64_lr1e-2_wd_0_dp_2e-1_seed_7
1,1.4103452479892309,1.315765831014845,0.517045150638141,0.5072448891995545,0.01,64,mbv2,0,0.2,7,64,0.01,mbv2_bs64_lr1e-2_wd_0_dp_2e-1_seed_7,C:\Users\jakub\Documents\Magisterskie\DeepLearning\mobilenet\experiments\lr_new\experiments\mbv2_bs64_lr1e-2_wd_0_dp_2e-1_seed_7
2,1.262063961897956,1.280635278193156,0.5424450308686215,0.5294222777376796,0.01,64,mbv2,0,0.2,7,64,0.01,mbv2_bs64_lr1e-2_wd_0_dp_2e-1_seed_7,C:\Users\jakub\Documents\Magisterskie\DeepLearning\mobilenet\experiments\lr_new\experiments\mbv2_bs64_lr1e-2_wd_0_dp_2e-1_seed_7
3,1.177328557311164,1.2352423533969454,0.5686124082886461,0.5510934897834618,0.01,64,mbv2,0,0.2,7,64,0.01,mbv2_bs64_lr1e-2_wd_0_dp_2e-1_seed_7,C:\Users\jakub\Documents\Magisterskie\DeepLearning\mobilenet\experiments\lr_new\experiments\mbv2_bs64_lr1e-2_wd_0_dp_2e-1_seed_7
4,1.1177537533548143,1.1649439271714952,0.6031174402428636,0.5845589806968299,0.01,64,mbv2,0,0.2,7,64,0.01,mbv2_bs64_lr1e-2_wd_0_dp_2e-1_seed_7,C:\Users\jakub\Documents\Magisterskie\DeepLearning\mobilenet\experiments\lr_new\experiments\mbv2_bs64_lr1e-2_wd_0_dp_2e-1_seed_7
5,1.060381281873915,1.0817204812473722,0.630062558059178,0.6052199296399543,0.01,64,mbv2,0,0.2,7,64,0.01,mbv2_bs64_lr1e-2_wd_0_dp_2e-1_seed_7,C:\Users\jakub\Documents\Magisterskie\DeepLearning\mobilenet\experiments\lr_new\experiments\mbv2_bs64_lr1e-2_wd_0_dp_2e-1_seed_7
6,1.0145309314727784,1.010430526203579,0.6533355096877485,0.6282188534261219,0.01,64,mbv2,0,0.2,7,64,0.01,mbv2_bs64_lr1e-2_wd_0_dp_2e-1_seed_7,C:\Users\jakub\Documents\Magisterskie\DeepLearning\mobilenet\experiments\lr_new\experiments\mbv2_bs64_lr1e-2_wd_0_dp_2e-1_seed_7
7,0.968641651089986,0.9486312092357212,0.6867012261375389,0.6552549611309165,0.01,64,mbv2,0,0.2,7,64,0.01,mbv2_bs64_lr1e-2_wd_0_dp_2e-1_seed_7,C:\Users\jakub\Documents\Magisterskie\DeepLearning\mobilenet\experiments\lr_new\experiments\mbv2_bs64_lr1e-2_wd_0_dp_2e-1_seed_7
8,0.9243266909281412,0.9881959166526796,0.6836289539851319,0.6476545886128171,0.01,64,mbv2,0,0.2,7,64,0.01,mbv2_bs64_lr1e-2_wd_0_dp_2e-1_seed_7,C:\Users\jakub\Documents\Magisterskie\DeepLearning\mobilenet\experiments\lr_new\experiments\mbv2_bs64_lr1e-2_wd_0_dp_2e-1_seed_7
9,0.8894657674365574,0.9566964206536612,0.692602670927186,0.6537416202475754,0.01,64,mbv2,0,0.2,7,64,0.01,mbv2_bs64_lr1e-2_wd_0_dp_2e-1_seed_7,C:\Users\jakub\Documents\Magisterskie\DeepLearning\mobilenet\experiments\lr_new\experiments\mbv2_bs64_lr1e-2_wd_0_dp_2e-1_seed_7
10,0.8573035831239488,0.9062259872463014,0.719851451032311,0.6751919563243554,0.01,64,mbv2,0,0.2,7,64,0.01,mbv2_bs64_lr1e-2_wd_0_dp_2e-1_seed_7,C:\Users\jakub\Documents\Magisterskie\DeepLearning\mobilenet\experiments\lr_new\experiments\mbv2_bs64_lr1e-2_wd_0_dp_2e-1_seed_7
11,0.8308930814637078,0.8932152216699388,0.7288438970017374,0.6808160090245451,0.01,64,mbv2,0,0.2,7,64,0.01,mbv2_bs64_lr1e-2_wd_0_dp_2e-1_seed_7,C:\Users\jakub\Documents\Magisterskie\DeepLearning\mobilenet\experiments\lr_new\experiments\mbv2_bs64_lr1e-2_wd_0_dp_2e-1_seed_7
12,0.80868865714603,0.8785330902258555,0.7332777102874486,0.6815108577706034,0.01,64,mbv2,0,0.2,7,64,0.01,mbv2_bs64_lr1e-2_wd_0_dp_2e-1_seed_7,C:\Users\jakub\Documents\Magisterskie\DeepLearning\mobilenet\experiments\lr_new\experiments\mbv2_bs64_lr1e-2_wd_0_dp_2e-1_seed_7
13,0.7802813689125909,0.8913954827520583,0.7409664330631501,0.684201480465773,0.01,64,mbv2,0,0.2,7,64,0.01,mbv2_bs64_lr1e-2_wd_0_dp_2e-1_seed_7,C:\Users\jakub\Documents\Magisterskie\DeepLearning\mobilenet\experiments\lr_new\experiments\mbv2_bs64_lr1e-2_wd_0_dp_2e-1_seed_7
14,0.7606067911042107,0.9013318408065372,0.7382610236076462,0.6822141055799651,0.01,64,mbv2,0,0.2,7,64,0.01,mbv2_bs64_lr1e-2_wd_0_dp_2e-1_seed_7,C:\Users\jakub\Documents\Magisterskie\DeepLearning\mobilenet\experiments\lr_new\experiments\mbv2_bs64_lr1e-2_wd_0_dp_2e-1_seed_7
15,0.7394615193472969,0.8817156797250112,0.7490332871011255,0.6882977170079674,0.01,64,mbv2,0,0.2,7,64,0.01,mbv2_bs64_lr1e-2_wd_0_dp_2e-1_seed_7,C:\Users\jakub\Documents\Magisterskie\DeepLearning\mobilenet\experiments\lr_new\experiments\mbv2_bs64_lr1e-2_wd_0_dp_2e-1_seed_7
16,0.7204786946402656,0.8572598366101583,0.7665282065999957,0.6996425562978021,0.01,64,mbv2,0,0.2,7,64,0.01,mbv2_bs64_lr1e-2_wd_0_dp_2e-1_seed_7,C:\Users\jakub\Documents\Magisterskie\DeepLearning\mobilenet\experiments\lr_new\experiments\mbv2_bs64_lr1e-2_wd_0_dp_2e-1_seed_7
17,0.7024021501541138,0.8525803440835741,0.771268717768272,0.6989738332314398,0.01,64,mbv2,0,0.2,7,64,0.01,mbv2_bs64_lr1e-2_wd_0_dp_2e-1_seed_7,C:\Users\jakub\Documents\Magisterskie\DeepLearning\mobilenet\experiments\lr_new\experiments\mbv2_bs64_lr1e-2_wd_0_dp_2e-1_seed_7
18,0.6845491323471069,0.8526845679601034,0.7829525189061919,0.7047192842922694,0.01,64,mbv2,0,0.2,7,64,0.01,mbv2_bs64_lr1e-2_wd_0_dp_2e-1_seed_7,C:\Users\jakub\Documents\Magisterskie\DeepLearning\mobilenet\experiments\lr_new\experiments\mbv2_bs64_lr1e-2_wd_0_dp_2e-1_seed_7
19,0.668907965098487,0.8286417080720265,0.7992792240807085,0.712613008680109,0.01,64,mbv2,0,0.2,7,64,0.01,mbv2_bs64_lr1e-2_wd_0_dp_2e-1_seed_7,C:\Users\jakub\Documents\Magisterskie\DeepLearning\mobilenet\experiments\lr_new\experiments\mbv2_bs64_lr1e-2_wd_0_dp_2e-1_seed_7
20,0.6519792737960816,0.8256245752228631,0.7994455655867557,0.7105668562099443,0.01,64,mbv2,0,0.2,7,64,0.01,mbv2_bs64_lr1e-2_wd_0_dp_2e-1_seed_7,C:\Users\jakub\Documents\Magisterskie\DeepLearning\mobilenet\experiments\lr_new\experiments\mbv2_bs64_lr1e-2_wd_0_dp_2e-1_seed_7
21,0.6359020208146837,0.8396410754097833,0.8001386354406363,0.710722424663826,0.01,64,mbv2,0,0.2,7,64,0.01,mbv2_bs64_lr1e-2_wd_0_dp_2e-1_seed_7,C:\Users\jakub\Documents\Magisterskie\DeepLearning\mobilenet\experiments\lr_new\experiments\mbv2_bs64_lr1e-2_wd_0_dp_2e-1_seed_7
22,0.6237786772727967,0.8399096094343398,0.7995346862411532,0.7103299497057307,0.01,64,mbv2,0,0.2,7,64,0.01,mbv2_bs64_lr1e-2_wd_0_dp_2e-1_seed_7,C:\Users\jakub\Documents\Magisterskie\DeepLearning\mobilenet\experiments\lr_new\experiments\mbv2_bs64_lr1e-2_wd_0_dp_2e-1_seed_7
23,0.6084459225654602,0.8348239791300561,0.8112517725343278,0.7118192664828193,0.01,64,mbv2,0,0.2,7,64,0.01,mbv2_bs64_lr1e-2_wd_0_dp_2e-1_seed_7,C:\Users\jakub\Documents\Magisterskie\DeepLearning\mobilenet\experiments\lr_new\experiments\mbv2_bs64_lr1e-2_wd_0_dp_2e-1_seed_7
24,0.5970130957391527,0.8458593297508028,0.8203676952575478,0.7150453774049634,0.01,64,mbv2,0,0.2,7,64,0.01,mbv2_bs64_lr1e-2_wd_0_dp_2e-1_seed_7,C:\Users\jakub\Documents\Magisterskie\DeepLearning\mobilenet\experiments\lr_new\experiments\mbv2_bs64_lr1e-2_wd_0_dp_2e-1_seed_7
25,0.5857265767627292,0.8306385594791836,0.8227816827489784,0.7160600636025543,0.01,64,mbv2,0,0.2,7,64,0.01,mbv2_bs64_lr1e-2_wd_0_dp_2e-1_seed_7,C:\Users\jakub\Documents\Magisterskie\DeepLearning\mobilenet\experiments\lr_new\experiments\mbv2_bs64_lr1e-2_wd_0_dp_2e-1_seed_7
0,1.8288590552435984,1.5964568699306911,0.3642888748990957,0.3602078406251772,0.01,64,mbv2,0,0.2,999,64,0.01,mbv2_bs64_lr1e-2_wd_0_dp_2e-1_seed_999,C:\Users\jakub\Documents\Magisterskie\DeepLearning\mobilenet\experiments\lr_new\experiments\mbv2_bs64_lr1e-2_wd_0_dp_2e-1_seed_999
1,1.4270633616341486,1.315710234981113,0.5189839248029068,0.5091691551994815,0.01,64,mbv2,0,0.2,999,64,0.01,mbv2_bs64_lr1e-2_wd_0_dp_2e-1_seed_999,C:\Users\jakub\Documents\Magisterskie\DeepLearning\mobilenet\experiments\lr_new\experiments\mbv2_bs64_lr1e-2_wd_0_dp_2e-1_seed_999
2,1.2515027547624376,1.2889151400460137,0.5308226130064836,0.5205403539250879,0.01,64,mbv2,0,0.2,999,64,0.01,mbv2_bs64_lr1e-2_wd_0_dp_2e-1_seed_999,C:\Users\jakub\Documents\Magisterskie\DeepLearning\mobilenet\experiments\lr_new\experiments\mbv2_bs64_lr1e-2_wd_0_dp_2e-1_seed_999
3,1.1596810312483046,1.144529651631249,0.5951391193116778,0.5795130282944841,0.01,64,mbv2,0,0.2,999,64,0.01,mbv2_bs64_lr1e-2_wd_0_dp_2e-1_seed_999,C:\Users\jakub\Documents\Magisterskie\DeepLearning\mobilenet\experiments\lr_new\experiments\mbv2_bs64_lr1e-2_wd_0_dp_2e-1_seed_999
4,1.0914524146609836,1.085879196029239,0.6270690261846228,0.6082779608896953,0.01,64,mbv2,0,0.2,999,64,0.01,mbv2_bs64_lr1e-2_wd_0_dp_2e-1_seed_999,C:\Users\jakub\Documents\Magisterskie\DeepLearning\mobilenet\experiments\lr_new\experiments\mbv2_bs64_lr1e-2_wd_0_dp_2e-1_seed_999
5,1.0315373617066277,1.109141444741355,0.6316577611067358,0.6105305393638463,0.01,64,mbv2,0,0.2,999,64,0.01,mbv2_bs64_lr1e-2_wd_0_dp_2e-1_seed_999,C:\Users\jakub\Documents\Magisterskie\DeepLearning\mobilenet\experiments\lr_new\experiments\mbv2_bs64_lr1e-2_wd_0_dp_2e-1_seed_999
6,0.9819428694407144,0.9908440405951606,0.6621070452053666,0.6351304321246813,0.01,64,mbv2,0,0.2,999,64,0.01,mbv2_bs64_lr1e-2_wd_0_dp_2e-1_seed_999,C:\Users\jakub\Documents\Magisterskie\DeepLearning\mobilenet\experiments\lr_new\experiments\mbv2_bs64_lr1e-2_wd_0_dp_2e-1_seed_999
7,0.9325056829346552,0.9268923610369364,0.7025046675409069,0.6701201246602088,0.01,64,mbv2,0,0.2,999,64,0.01,mbv2_bs64_lr1e-2_wd_0_dp_2e-1_seed_999,C:\Users\jakub\Documents\Magisterskie\DeepLearning\mobilenet\experiments\lr_new\experiments\mbv2_bs64_lr1e-2_wd_0_dp_2e-1_seed_999
8,0.8935364903767904,0.9725137117173936,0.6980587843605166,0.6629873830161938,0.01,64,mbv2,0,0.2,999,64,0.01,mbv2_bs64_lr1e-2_wd_0_dp_2e-1_seed_999,C:\Users\jakub\Documents\Magisterskie\DeepLearning\mobilenet\experiments\lr_new\experiments\mbv2_bs64_lr1e-2_wd_0_dp_2e-1_seed_999
9,0.8553572380383809,0.913811181778378,0.7211536325010066,0.6787652432597608,0.01,64,mbv2,0,0.2,999,64,0.01,mbv2_bs64_lr1e-2_wd_0_dp_2e-1_seed_999,C:\Users\jakub\Documents\Magisterskie\DeepLearning\mobilenet\experiments\lr_new\experiments\mbv2_bs64_lr1e-2_wd_0_dp_2e-1_seed_999
10,0.8275460527526007,0.8587259251117706,0.7381548947288209,0.6911627137582145,0.01,64,mbv2,0,0.2,999,64,0.01,mbv2_bs64_lr1e-2_wd_0_dp_2e-1_seed_999,C:\Users\jakub\Documents\Magisterskie\DeepLearning\mobilenet\experiments\lr_new\experiments\mbv2_bs64_lr1e-2_wd_0_dp_2e-1_seed_999
11,0.8000340734640757,0.8770598245832655,0.73679522236229,0.6868871217496231,0.01,64,mbv2,0,0.2,999,64,0.01,mbv2_bs64_lr1e-2_wd_0_dp_2e-1_seed_999,C:\Users\jakub\Documents\Magisterskie\DeepLearning\mobilenet\experiments\lr_new\experiments\mbv2_bs64_lr1e-2_wd_0_dp_2e-1_seed_999
12,0.7724937363306681,0.8627301498466068,0.747482183271079,0.6923434024639318,0.01,64,mbv2,0,0.2,999,64,0.01,mbv2_bs64_lr1e-2_wd_0_dp_2e-1_seed_999,C:\Users\jakub\Documents\Magisterskie\DeepLearning\mobilenet\experiments\lr_new\experiments\mbv2_bs64_lr1e-2_wd_0_dp_2e-1_seed_999
13,0.7478595551596747,0.8324740166134305,0.7681686759872937,0.7092211143559881,0.01,64,mbv2,0,0.2,999,64,0.01,mbv2_bs64_lr1e-2_wd_0_dp_2e-1_seed_999,C:\Users\jakub\Documents\Magisterskie\DeepLearning\mobilenet\experiments\lr_new\experiments\mbv2_bs64_lr1e-2_wd_0_dp_2e-1_seed_999
14,0.7263590673658583,0.8560971272097694,0.7600805093599621,0.6965411008170904,0.01,64,mbv2,0,0.2,999,64,0.01,mbv2_bs64_lr1e-2_wd_0_dp_2e-1_seed_999,C:\Users\jakub\Documents\Magisterskie\DeepLearning\mobilenet\experiments\lr_new\experiments\mbv2_bs64_lr1e-2_wd_0_dp_2e-1_seed_999
15,0.7024688688702053,0.8165791259500715,0.7799004386804171,0.7111701074744939,0.01,64,mbv2,0,0.2,999,64,0.01,mbv2_bs64_lr1e-2_wd_0_dp_2e-1_seed_999,C:\Users\jakub\Documents\Magisterskie\DeepLearning\mobilenet\experiments\lr_new\experiments\mbv2_bs64_lr1e-2_wd_0_dp_2e-1_seed_999
16,0.6864549838807847,0.8255084411197239,0.7824282987854657,0.7128567471767037,0.01,64,mbv2,0,0.2,999,64,0.01,mbv2_bs64_lr1e-2_wd_0_dp_2e-1_seed_999,C:\Users\jakub\Documents\Magisterskie\DeepLearning\mobilenet\experiments\lr_new\experiments\mbv2_bs64_lr1e-2_wd_0_dp_2e-1_seed_999
17,0.6672333507696787,0.8200522630585565,0.7874883601015935,0.7078108630781136,0.01,64,mbv2,0,0.2,999,64,0.01,mbv2_bs64_lr1e-2_wd_0_dp_2e-1_seed_999,C:\Users\jakub\Documents\Magisterskie\DeepLearning\mobilenet\experiments\lr_new\experiments\mbv2_bs64_lr1e-2_wd_0_dp_2e-1_seed_999
18,0.6479781063715617,0.8197769140534931,0.7985928779880862,0.7149194675182171,0.01,64,mbv2,0,0.2,999,64,0.01,mbv2_bs64_lr1e-2_wd_0_dp_2e-1_seed_999,C:\Users\jakub\Documents\Magisterskie\DeepLearning\mobilenet\experiments\lr_new\experiments\mbv2_bs64_lr1e-2_wd_0_dp_2e-1_seed_999
19,0.6323447983423869,0.8134041635857688,0.8021001882232959,0.7162720155512626,0.01,64,mbv2,0,0.2,999,64,0.01,mbv2_bs64_lr1e-2_wd_0_dp_2e-1_seed_999,C:\Users\jakub\Documents\Magisterskie\DeepLearning\mobilenet\experiments\lr_new\experiments\mbv2_bs64_lr1e-2_wd_0_dp_2e-1_seed_999
20,0.61525130666097,0.8176568736341264,0.8122009173290745,0.7164642974953599,0.01,64,mbv2,0,0.2,999,64,0.01,mbv2_bs64_lr1e-2_wd_0_dp_2e-1_seed_999,C:\Users\jakub\Documents\Magisterskie\DeepLearning\mobilenet\experiments\lr_new\experiments\mbv2_bs64_lr1e-2_wd_0_dp_2e-1_seed_999
21,0.5981515753640069,0.8444583123260074,0.8202648813327326,0.7218665685058284,0.01,64,mbv2,0,0.2,999,64,0.01,mbv2_bs64_lr1e-2_wd_0_dp_2e-1_seed_999,C:\Users\jakub\Documents\Magisterskie\DeepLearning\mobilenet\experiments\lr_new\experiments\mbv2_bs64_lr1e-2_wd_0_dp_2e-1_seed_999
22,0.5859445482783847,0.7986832699484295,0.8254986459415982,0.722984109024976,0.01,64,mbv2,0,0.2,999,64,0.01,mbv2_bs64_lr1e-2_wd_0_dp_2e-1_seed_999,C:\Users\jakub\Documents\Magisterskie\DeepLearning\mobilenet\experiments\lr_new\experiments\mbv2_bs64_lr1e-2_wd_0_dp_2e-1_seed_999
23,0.5714225624720256,0.8001223323451148,0.832684466114445,0.7244623821147631,0.01,64,mbv2,0,0.2,999,64,0.01,mbv2_bs64_lr1e-2_wd_0_dp_2e-1_seed_999,C:\Users\jakub\Documents\Magisterskie\DeepLearning\mobilenet\experiments\lr_new\experiments\mbv2_bs64_lr1e-2_wd_0_dp_2e-1_seed_999
24,0.5570108791563246,0.8035853894922469,0.836557717292912,0.7230711032076891,0.01,64,mbv2,0,0.2,999,64,0.01,mbv2_bs64_lr1e-2_wd_0_dp_2e-1_seed_999,C:\Users\jakub\Documents\Magisterskie\DeepLearning\mobilenet\experiments\lr_new\experiments\mbv2_bs64_lr1e-2_wd_0_dp_2e-1_seed_999
25,0.542301092561086,0.8181975623819563,0.8395010435931225,0.7255287653278416,0.01,64,mbv2,0,0.2,999,64,0.01,mbv2_bs64_lr1e-2_wd_0_dp_2e-1_seed_999,C:\Users\jakub\Documents\Magisterskie\DeepLearning\mobilenet\experiments\lr_new\experiments\mbv2_bs64_lr1e-2_wd_0_dp_2e-1_seed_999
0,1.7093202161365084,1.537081989701589,0.4212647032867752,0.4097474427486377,0.001,64,mbv2,0,0.2,123,64,0.001,mbv2_bs64_lr1e-3_wd_0_dp_2e-1_seed_123,C:\Users\jakub\Documents\Magisterskie\DeepLearning\mobilenet\experiments\lr_new\experiments\mbv2_bs64_lr1e-3_wd_0_dp_2e-1_seed_123
1,1.394155233277215,1.3260175799687703,0.5159666601374856,0.4996131210232807,0.001,64,mbv2,0,0.2,123,64,0.001,mbv2_bs64_lr1e-3_wd_0_dp_2e-1_seed_123,C:\Users\jakub\Documents\Magisterskie\DeepLearning\mobilenet\experiments\lr_new\experiments\mbv2_bs64_lr1e-3_wd_0_dp_2e-1_seed_123
2,1.2303861211564806,1.1743026348537868,0.5965157224536373,0.5694282274607414,0.001,64,mbv2,0,0.2,123,64,0.001,mbv2_bs64_lr1e-3_wd_0_dp_2e-1_seed_123,C:\Users\jakub\Documents\Magisterskie\DeepLearning\mobilenet\experiments\lr_new\experiments\mbv2_bs64_lr1e-3_wd_0_dp_2e-1_seed_123
3,1.1133095521291096,1.0958974047183991,0.6421493872199202,0.6044239876184051,0.001,64,mbv2,0,0.2,123,64,0.001,mbv2_bs64_lr1e-3_wd_0_dp_2e-1_seed_123,C:\Users\jakub\Documents\Magisterskie\DeepLearning\mobilenet\experiments\lr_new\experiments\mbv2_bs64_lr1e-3_wd_0_dp_2e-1_seed_123
4,1.0131713909043203,1.036791373533673,0.6661535389409181,0.6205828504380684,0.001,64,mbv2,0,0.2,123,64,0.001,mbv2_bs64_lr1e-3_wd_0_dp_2e-1_seed_123,C:\Users\jakub\Documents\Magisterskie\DeepLearning\mobilenet\experiments\lr_new\experiments\mbv2_bs64_lr1e-3_wd_0_dp_2e-1_seed_123
5,0.9354676229688856,0.9799677184210884,0.7053776976227178,0.6453340458205631,0.001,64,mbv2,0,0.2,123,64,0.001,mbv2_bs64_lr1e-3_wd_0_dp_2e-1_seed_123,C:\Users\jakub\Documents\Magisterskie\DeepLearning\mobilenet\experiments\lr_new\experiments\mbv2_bs64_lr1e-3_wd_0_dp_2e-1_seed_123
6,0.8693515672683716,0.9336081419150034,0.7409651532240641,0.6674615265614129,0.001,64,mbv2,0,0.2,123,64,0.001,mbv2_bs64_lr1e-3_wd_0_dp_2e-1_seed_123,C:\Users\jakub\Documents\Magisterskie\DeepLearning\mobilenet\experiments\lr_new\experiments\mbv2_bs64_lr1e-3_wd_0_dp_2e-1_seed_123
7,0.8084548169242011,0.930296299150255,0.7527608717592831,0.6676871035352214,0.001,64,mbv2,0,0.2,123,64,0.001,mbv2_bs64_lr1e-3_wd_0_dp_2e-1_seed_123,C:\Users\jakub\Documents\Magisterskie\DeepLearning\mobilenet\experiments\lr_new\experiments\mbv2_bs64_lr1e-3_wd_0_dp_2e-1_seed_123
8,0.7603992985407512,0.9397871066994136,0.7715579692543746,0.674473262555906,0.001,64,mbv2,0,0.2,123,64,0.001,mbv2_bs64_lr1e-3_wd_0_dp_2e-1_seed_123,C:\Users\jakub\Documents\Magisterskie\DeepLearning\mobilenet\experiments\lr_new\experiments\mbv2_bs64_lr1e-3_wd_0_dp_2e-1_seed_123
9,0.7111797736485799,0.9133939628283184,0.7897163091285087,0.6783992432264643,0.001,64,mbv2,0,0.2,123,64,0.001,mbv2_bs64_lr1e-3_wd_0_dp_2e-1_seed_123,C:\Users\jakub\Documents\Magisterskie\DeepLearning\mobilenet\experiments\lr_new\experiments\mbv2_bs64_lr1e-3_wd_0_dp_2e-1_seed_123
10,0.6627991060150994,0.9078317936076058,0.8106331988150878,0.6851569431199128,0.001,64,mbv2,0,0.2,123,64,0.001,mbv2_bs64_lr1e-3_wd_0_dp_2e-1_seed_123,C:\Users\jakub\Documents\Magisterskie\DeepLearning\mobilenet\experiments\lr_new\experiments\mbv2_bs64_lr1e-3_wd_0_dp_2e-1_seed_123
11,0.6214616770214505,0.8978989048216078,0.8263649422164854,0.6895980139068281,0.001,64,mbv2,0,0.2,123,64,0.001,mbv2_bs64_lr1e-3_wd_0_dp_2e-1_seed_123,C:\Users\jakub\Documents\Magisterskie\DeepLearning\mobilenet\experiments\lr_new\experiments\mbv2_bs64_lr1e-3_wd_0_dp_2e-1_seed_123
12,0.576793751001358,0.9317648727734884,0.8424824399044771,0.6863290687931756,0.001,64,mbv2,0,0.2,123,64,0.001,mbv2_bs64_lr1e-3_wd_0_dp_2e-1_seed_123,C:\Users\jakub\Documents\Magisterskie\DeepLearning\mobilenet\experiments\lr_new\experiments\mbv2_bs64_lr1e-3_wd_0_dp_2e-1_seed_123
13,0.53998689710829,0.9720932176854876,0.8464076555067457,0.684048285136136,0.001,64,mbv2,0,0.2,123,64,0.001,mbv2_bs64_lr1e-3_wd_0_dp_2e-1_seed_123,C:\Users\jakub\Documents\Magisterskie\DeepLearning\mobilenet\experiments\lr_new\experiments\mbv2_bs64_lr1e-3_wd_0_dp_2e-1_seed_123
14,0.5053855801476372,0.9517930578814612,0.8675269821281768,0.6911541578333396,0.001,64,mbv2,0,0.2,123,64,0.001,mbv2_bs64_lr1e-3_wd_0_dp_2e-1_seed_123,C:\Users\jakub\Documents\Magisterskie\DeepLearning\mobilenet\experiments\lr_new\experiments\mbv2_bs64_lr1e-3_wd_0_dp_2e-1_seed_123
15,0.4728378227127923,0.9673496714168124,0.8855633149995118,0.6860361715800808,0.001,64,mbv2,0,0.2,123,64,0.001,mbv2_bs64_lr1e-3_wd_0_dp_2e-1_seed_123,C:\Users\jakub\Documents\Magisterskie\DeepLearning\mobilenet\experiments\lr_new\experiments\mbv2_bs64_lr1e-3_wd_0_dp_2e-1_seed_123
16,0.4410182873725891,0.9867322454770406,0.8937264526472815,0.6889237443115531,0.001,64,mbv2,0,0.2,123,64,0.001,mbv2_bs64_lr1e-3_wd_0_dp_2e-1_seed_123,C:\Users\jakub\Documents\Magisterskie\DeepLearning\mobilenet\experiments\lr_new\experiments\mbv2_bs64_lr1e-3_wd_0_dp_2e-1_seed_123
17,0.4129130884064568,1.0451883404625786,0.8958590350012294,0.6856379290825545,0.001,64,mbv2,0,0.2,123,64,0.001,mbv2_bs64_lr1e-3_wd_0_dp_2e-1_seed_123,C:\Users\jakub\Documents\Magisterskie\DeepLearning\mobilenet\experiments\lr_new\experiments\mbv2_bs64_lr1e-3_wd_0_dp_2e-1_seed_123
18,0.3838263626999325,1.0544215295447243,0.905859477001029,0.6815956161221902,0.001,64,mbv2,0,0.2,123,64,0.001,mbv2_bs64_lr1e-3_wd_0_dp_2e-1_seed_123,C:\Users\jakub\Documents\Magisterskie\DeepLearning\mobilenet\experiments\lr_new\experiments\mbv2_bs64_lr1e-3_wd_0_dp_2e-1_seed_123
19,0.3602390783521864,1.062749552064472,0.9209213010301188,0.6854201049497785,0.001,64,mbv2,0,0.2,123,64,0.001,mbv2_bs64_lr1e-3_wd_0_dp_2e-1_seed_123,C:\Users\jakub\Documents\Magisterskie\DeepLearning\mobilenet\experiments\lr_new\experiments\mbv2_bs64_lr1e-3_wd_0_dp_2e-1_seed_123
20,0.3421225955751207,1.0895254793273077,0.928244530459872,0.6829552020624098,0.001,64,mbv2,0,0.2,123,64,0.001,mbv2_bs64_lr1e-3_wd_0_dp_2e-1_seed_123,C:\Users\jakub\Documents\Magisterskie\DeepLearning\mobilenet\experiments\lr_new\experiments\mbv2_bs64_lr1e-3_wd_0_dp_2e-1_seed_123
21,0.317659280512068,1.1472538401087125,0.9242327855160704,0.6781909880156836,0.001,64,mbv2,0,0.2,123,64,0.001,mbv2_bs64_lr1e-3_wd_0_dp_2e-1_seed_123,C:\Users\jakub\Documents\Magisterskie\DeepLearning\mobilenet\experiments\lr_new\experiments\mbv2_bs64_lr1e-3_wd_0_dp_2e-1_seed_123
22,0.2978804589430491,1.1625446784178417,0.9390331004365556,0.6866653454793625,0.001,64,mbv2,0,0.2,123,64,0.001,mbv2_bs64_lr1e-3_wd_0_dp_2e-1_seed_123,C:\Users\jakub\Documents\Magisterskie\DeepLearning\mobilenet\experiments\lr_new\experiments\mbv2_bs64_lr1e-3_wd_0_dp_2e-1_seed_123
23,0.2856555882083045,1.1465912877082824,0.9433646799455964,0.6895159677176665,0.001,64,mbv2,0,0.2,123,64,0.001,mbv2_bs64_lr1e-3_wd_0_dp_2e-1_seed_123,C:\Users\jakub\Documents\Magisterskie\DeepLearning\mobilenet\experiments\lr_new\experiments\mbv2_bs64_lr1e-3_wd_0_dp_2e-1_seed_123
24,0.2666412594265408,1.2090995874087016,0.94181018061773,0.6833410995446989,0.001,64,mbv2,0,0.2,123,64,0.001,mbv2_bs64_lr1e-3_wd_0_dp_2e-1_seed_123,C:\Users\jakub\Documents\Magisterskie\DeepLearning\mobilenet\experiments\lr_new\experiments\mbv2_bs64_lr1e-3_wd_0_dp_2e-1_seed_123
25,0.2523382337358262,1.239854300120142,0.9471878955622176,0.679497429128792,0.001,64,mbv2,0,0.2,123,64,0.001,mbv2_bs64_lr1e-3_wd_0_dp_2e-1_seed_123,C:\Users\jakub\Documents\Magisterskie\DeepLearning\mobilenet\experiments\lr_new\experiments\mbv2_bs64_lr1e-3_wd_0_dp_2e-1_seed_123
0,1.714588209915161,1.480902905400594,0.4494696122224321,0.4374253806606812,0.001,64,mbv2,0,0.2,2024,64,0.001,mbv2_bs64_lr1e-3_wd_0_dp_2e-1_seed_2024,C:\Users\jakub\Documents\Magisterskie\DeepLearning\mobilenet\experiments\lr_new\experiments\mbv2_bs64_lr1e-3_wd_0_dp_2e-1_seed_2024
1,1.372990473598904,1.3235277285257976,0.5360595960104941,0.5172280745375113,0.001,64,mbv2,0,0.2,2024,64,0.001,mbv2_bs64_lr1e-3_wd_0_dp_2e-1_seed_2024,C:\Users\jakub\Documents\Magisterskie\DeepLearning\mobilenet\experiments\lr_new\experiments\mbv2_bs64_lr1e-3_wd_0_dp_2e-1_seed_2024
2,1.2169693383958604,1.1936884369426304,0.5916472657383085,0.5639198584424292,0.001,64,mbv2,0,0.2,2024,64,0.001,mbv2_bs64_lr1e-3_wd_0_dp_2e-1_seed_2024,C:\Users\jakub\Documents\Magisterskie\DeepLearning\mobilenet\experiments\lr_new\experiments\mbv2_bs64_lr1e-3_wd_0_dp_2e-1_seed_2024
3,1.0997367971844143,1.085553287299474,0.6411777182621862,0.6044315361489401,0.001,64,mbv2,0,0.2,2024,64,0.001,mbv2_bs64_lr1e-3_wd_0_dp_2e-1_seed_2024,C:\Users\jakub\Documents\Magisterskie\DeepLearning\mobilenet\experiments\lr_new\experiments\mbv2_bs64_lr1e-3_wd_0_dp_2e-1_seed_2024
4,1.0035959327167936,0.9982833434634738,0.6896920523445561,0.639792271102227,0.001,64,mbv2,0,0.2,2024,64,0.001,mbv2_bs64_lr1e-3_wd_0_dp_2e-1_seed_2024,C:\Users\jakub\Documents\Magisterskie\DeepLearning\mobilenet\experiments\lr_new\experiments\mbv2_bs64_lr1e-3_wd_0_dp_2e-1_seed_2024
5,0.9286701234605578,0.9557458781083424,0.7103296977129946,0.6518052073070165,0.001,64,mbv2,0,0.2,2024,64,0.001,mbv2_bs64_lr1e-3_wd_0_dp_2e-1_seed_2024,C:\Users\jakub\Documents\Magisterskie\DeepLearning\mobilenet\experiments\lr_new\experiments\mbv2_bs64_lr1e-3_wd_0_dp_2e-1_seed_2024
6,0.861470533741845,0.9625228455225626,0.7235507823249694,0.6556237886935763,0.001,64,mbv2,0,0.2,2024,64,0.001,mbv2_bs64_lr1e-3_wd_0_dp_2e-1_seed_2024,C:\Users\jakub\Documents\Magisterskie\DeepLearning\mobilenet\experiments\lr_new\experiments\mbv2_bs64_lr1e-3_wd_0_dp_2e-1_seed_2024
7,0.8000232887056139,0.9306840548939176,0.7382199282657181,0.6610898010262087,0.001,64,mbv2,0,0.2,2024,64,0.001,mbv2_bs64_lr1e-3_wd_0_dp_2e-1_seed_2024,C:\Users\jakub\Documents\Magisterskie\DeepLearning\mobilenet\experiments\lr_new\experiments\mbv2_bs64_lr1e-3_wd_0_dp_2e-1_seed_2024
8,0.753182552909851,0.9152172556559244,0.7745712262083393,0.679334344463441,0.001,64,mbv2,0,0.2,2024,64,0.001,mbv2_bs64_lr1e-3_wd_0_dp_2e-1_seed_2024,C:\Users\jakub\Documents\Magisterskie\DeepLearning\mobilenet\experiments\lr_new\experiments\mbv2_bs64_lr1e-3_wd_0_dp_2e-1_seed_2024
9,0.7027147500144111,0.8872536227491167,0.7958418458691101,0.6871751051971564,0.001,64,mbv2,0,0.2,2024,64,0.001,mbv2_bs64_lr1e-3_wd_0_dp_2e-1_seed_2024,C:\Users\jakub\Documents\Magisterskie\DeepLearning\mobilenet\experiments\lr_new\experiments\mbv2_bs64_lr1e-3_wd_0_dp_2e-1_seed_2024
10,0.6577177295684814,0.8908223047839271,0.8148703579568876,0.6886769858947039,0.001,64,mbv2,0,0.2,2024,64,0.001,mbv2_bs64_lr1e-3_wd_0_dp_2e-1_seed_2024,C:\Users\jakub\Documents\Magisterskie\DeepLearning\mobilenet\experiments\lr_new\experiments\mbv2_bs64_lr1e-3_wd_0_dp_2e-1_seed_2024
11,0.6154007845030891,0.9011025585386488,0.8291627625875098,0.6895658842472715,0.001,64,mbv2,0,0.2,2024,64,0.001,mbv2_bs64_lr1e-3_wd_0_dp_2e-1_seed_2024,C:\Users\jakub\Documents\Magisterskie\DeepLearning\mobilenet\experiments\lr_new\experiments\mbv2_bs64_lr1e-3_wd_0_dp_2e-1_seed_2024
12,0.5742239154179891,0.9386474695470598,0.8254696345936049,0.68364457319927,0.001,64,mbv2,0,0.2,2024,64,0.001,mbv2_bs64_lr1e-3_wd_0_dp_2e-1_seed_2024,C:\Users\jakub\Documents\Magisterskie\DeepLearning\mobilenet\experiments\lr_new\experiments\mbv2_bs64_lr1e-3_wd_0_dp_2e-1_seed_2024
13,0.5371839834849039,0.9277434687164094,0.8475258510733175,0.6887478244458839,0.001,64,mbv2,0,0.2,2024,64,0.001,mbv2_bs64_lr1e-3_wd_0_dp_2e-1_seed_2024,C:\Users\jakub\Documents\Magisterskie\DeepLearning\mobilenet\experiments\lr_new\experiments\mbv2_bs64_lr1e-3_wd_0_dp_2e-1_seed_2024
14,0.5025355627271865,0.9350588226689232,0.8700330872572095,0.6918300491461108,0.001,64,mbv2,0,0.2,2024,64,0.001,mbv2_bs64_lr1e-3_wd_0_dp_2e-1_seed_2024,C:\Users\jakub\Documents\Magisterskie\DeepLearning\mobilenet\experiments\lr_new\experiments\mbv2_bs64_lr1e-3_wd_0_dp_2e-1_seed_2024
15,0.4709180780834622,0.972587196940846,0.8797462575298847,0.6927008717621496,0.001,64,mbv2,0,0.2,2024,64,0.001,mbv2_bs64_lr1e-3_wd_0_dp_2e-1_seed_2024,C:\Users\jakub\Documents\Magisterskie\DeepLearning\mobilenet\experiments\lr_new\experiments\mbv2_bs64_lr1e-3_wd_0_dp_2e-1_seed_2024
16,0.4381056830406189,0.9871261357201472,0.8917129296430902,0.6891541908928898,0.001,64,mbv2,0,0.2,2024,64,0.001,mbv2_bs64_lr1e-3_wd_0_dp_2e-1_seed_2024,C:\Users\jakub\Documents\Magisterskie\DeepLearning\mobilenet\experiments\lr_new\experiments\mbv2_bs64_lr1e-3_wd_0_dp_2e-1_seed_2024
17,0.4075832401169671,1.0102896381351685,0.9013292617279668,0.6925791829950246,0.001,64,mbv2,0,0.2,2024,64,0.001,mbv2_bs64_lr1e-3_wd_0_dp_2e-1_seed_2024,C:\Users\jakub\Documents\Magisterskie\DeepLearning\mobilenet\experiments\lr_new\experiments\mbv2_bs64_lr1e-3_wd_0_dp_2e-1_seed_2024
18,0.3840059842745463,1.0447895566648908,0.9108881740913508,0.686413067846604,0.001,64,mbv2,0,0.2,2024,64,0.001,mbv2_bs64_lr1e-3_wd_0_dp_2e-1_seed_2024,C:\Users\jakub\Documents\Magisterskie\DeepLearning\mobilenet\experiments\lr_new\experiments\mbv2_bs64_lr1e-3_wd_0_dp_2e-1_seed_2024
19,0.3560524235725403,1.0808663637691074,0.9199732870619683,0.6888377994954785,0.001,64,mbv2,0,0.2,2024,64,0.001,mbv2_bs64_lr1e-3_wd_0_dp_2e-1_seed_2024,C:\Users\jakub\Documents\Magisterskie\DeepLearning\mobilenet\experiments\lr_new\experiments\mbv2_bs64_lr1e-3_wd_0_dp_2e-1_seed_2024
20,0.3365141419993506,1.108945971308814,0.9274429878629492,0.6873844094370953,0.001,64,mbv2,0,0.2,2024,64,0.001,mbv2_bs64_lr1e-3_wd_0_dp_2e-1_seed_2024,C:\Users\jakub\Documents\Magisterskie\DeepLearning\mobilenet\experiments\lr_new\experiments\mbv2_bs64_lr1e-3_wd_0_dp_2e-1_seed_2024
21,0.3160635034614139,1.137854408917162,0.9309911045831468,0.6853553653779043,0.001,64,mbv2,0,0.2,2024,64,0.001,mbv2_bs64_lr1e-3_wd_0_dp_2e-1_seed_2024,C:\Users\jakub\Documents\Magisterskie\DeepLearning\mobilenet\experiments\lr_new\experiments\mbv2_bs64_lr1e-3_wd_0_dp_2e-1_seed_2024
22,0.2949108680142296,1.1609999255749914,0.9403506751775677,0.6876669807575423,0.001,64,mbv2,0,0.2,2024,64,0.001,mbv2_bs64_lr1e-3_wd_0_dp_2e-1_seed_2024,C:\Users\jakub\Documents\Magisterskie\DeepLearning\mobilenet\experiments\lr_new\experiments\mbv2_bs64_lr1e-3_wd_0_dp_2e-1_seed_2024
23,0.281776898961597,1.1950015424198577,0.9329164866756732,0.683974804540087,0.001,64,mbv2,0,0.2,2024,64,0.001,mbv2_bs64_lr1e-3_wd_0_dp_2e-1_seed_2024,C:\Users\jakub\Documents\Magisterskie\DeepLearning\mobilenet\experiments\lr_new\experiments\mbv2_bs64_lr1e-3_wd_0_dp_2e-1_seed_2024
24,0.2643678568469153,1.2710498894029194,0.9369280064479002,0.6801535337674129,0.001,64,mbv2,0,0.2,2024,64,0.001,mbv2_bs64_lr1e-3_wd_0_dp_2e-1_seed_2024,C:\Users\jakub\Documents\Magisterskie\DeepLearning\mobilenet\experiments\lr_new\experiments\mbv2_bs64_lr1e-3_wd_0_dp_2e-1_seed_2024
25,0.2509011280828052,1.2501408831437428,0.9406262155637796,0.6823385118386753,0.001,64,mbv2,0,0.2,2024,64,0.001,mbv2_bs64_lr1e-3_wd_0_dp_2e-1_seed_2024,C:\Users\jakub\Documents\Magisterskie\DeepLearning\mobilenet\experiments\lr_new\experiments\mbv2_bs64_lr1e-3_wd_0_dp_2e-1_seed_2024
0,1.6932342776404488,1.444676645289527,0.4800147308448251,0.4621535121355169,0.001,64,mbv2,0,0.2,42,64,0.001,mbv2_bs64_lr1e-3_wd_0_dp_2e-1_seed_42,C:\Users\jakub\Documents\Magisterskie\DeepLearning\mobilenet\experiments\lr_new\experiments\mbv2_bs64_lr1e-3_wd_0_dp_2e-1_seed_42
1,1.365225671280755,1.2886949524561564,0.5480634306488722,0.5267619099757381,0.001,64,mbv2,0,0.2,42,64,0.001,mbv2_bs64_lr1e-3_wd_0_dp_2e-1_seed_42,C:\Users\jakub\Documents\Magisterskie\DeepLearning\mobilenet\experiments\lr_new\experiments\mbv2_bs64_lr1e-3_wd_0_dp_2e-1_seed_42
2,1.2056523022757637,1.178874263159434,0.6052590848006124,0.5733374581831695,0.001,64,mbv2,0,0.2,42,64,0.001,mbv2_bs64_lr1e-3_wd_0_dp_2e-1_seed_42,C:\Users\jakub\Documents\Magisterskie\DeepLearning\mobilenet\experiments\lr_new\experiments\mbv2_bs64_lr1e-3_wd_0_dp_2e-1_seed_42
3,1.0957964351230198,1.079357722096973,0.6461850009696313,0.605395621199718,0.001,64,mbv2,0,0.2,42,64,0.001,mbv2_bs64_lr1e-3_wd_0_dp_2e-1_seed_42,C:\Users\jakub\Documents\Magisterskie\DeepLearning\mobilenet\experiments\lr_new\experiments\mbv2_bs64_lr1e-3_wd_0_dp_2e-1_seed_42
4,1.0084152466138203,1.016149934864044,0.6878727861989258,0.6355522168797559,0.001,64,mbv2,0,0.2,42,64,0.001,mbv2_bs64_lr1e-3_wd_0_dp_2e-1_seed_42,C:\Users\jakub\Documents\Magisterskie\DeepLearning\mobilenet\experiments\lr_new\experiments\mbv2_bs64_lr1e-3_wd_0_dp_2e-1_seed_42
5,0.9329903582466972,0.9837316785600452,0.7037153873293968,0.6456507270892112,0.001,64,mbv2,0,0.2,42,64,0.001,mbv2_bs64_lr1e-3_wd_0_dp_2e-1_seed_42,C:\Users\jakub\Documents\Magisterskie\DeepLearning\mobilenet\experiments\lr_new\experiments\mbv2_bs64_lr1e-3_wd_0_dp_2e-1_seed_42
6,0.8690638464609782,0.946465003021558,0.7281373431156833,0.6565352154149995,0.001,64,mbv2,0,0.2,42,64,0.001,mbv2_bs64_lr1e-3_wd_0_dp_2e-1_seed_42,C:\Users\jakub\Documents\Magisterskie\DeepLearning\mobilenet\experiments\lr_new\experiments\mbv2_bs64_lr1e-3_wd_0_dp_2e-1_seed_42
7,0.8108885836283366,0.9415299778196546,0.7441217058947734,0.6612814309464331,0.001,64,mbv2,0,0.2,42,64,0.001,mbv2_bs64_lr1e-3_wd_0_dp_2e-1_seed_42,C:\Users\jakub\Documents\Magisterskie\DeepLearning\mobilenet\experiments\lr_new\experiments\mbv2_bs64_lr1e-3_wd_0_dp_2e-1_seed_42
8,0.7602856358104282,0.9319234934329986,0.7626834587708915,0.6661331201786937,0.001,64,mbv2,0,0.2,42,64,0.001,mbv2_bs64_lr1e-3_wd_0_dp_2e-1_seed_42,C:\Users\jakub\Documents\Magisterskie\DeepLearning\mobilenet\experiments\lr_new\experiments\mbv2_bs64_lr1e-3_wd_0_dp_2e-1_seed_42
9,0.7113144217067294,0.9055146563079622,0.7934896065019356,0.6795471381194791,0.001,64,mbv2,0,0.2,42,64,0.001,mbv2_bs64_lr1e-3_wd_0_dp_2e-1_seed_42,C:\Users\jakub\Documents\Magisterskie\DeepLearning\mobilenet\experiments\lr_new\experiments\mbv2_bs64_lr1e-3_wd_0_dp_2e-1_seed_42
10,0.6632696670320299,0.936331348493364,0.8017029286641971,0.6763772064281398,0.001,64,mbv2,0,0.2,42,64,0.001,mbv2_bs64_lr1e-3_wd_0_dp_2e-1_seed_42,C:\Users\jakub\Documents\Magisterskie\DeepLearning\mobilenet\experiments\lr_new\experiments\mbv2_bs64_lr1e-3_wd_0_dp_2e-1_seed_42
11,0.6202218848864237,0.9183060742908054,0.825101362050858,0.683586834043379,0.001,64,mbv2,0,0.2,42,64,0.001,mbv2_bs64_lr1e-3_wd_0_dp_2e-1_seed_42,C:\Users\jakub\Documents\Magisterskie\DeepLearning\mobilenet\experiments\lr_new\experiments\mbv2_bs64_lr1e-3_wd_0_dp_2e-1_seed_42
12,0.5831869203461542,0.9456583014541202,0.8390192417391346,0.6836600045986401,0.001,64,mbv2,0,0.2,42,64,0.001,mbv2_bs64_lr1e-3_wd_0_dp_2e-1_seed_42,C:\Users\jakub\Documents\Magisterskie\DeepLearning\mobilenet\experiments\lr_new\experiments\mbv2_bs64_lr1e-3_wd_0_dp_2e-1_seed_42
13,0.5473589979595608,0.9370232371489208,0.8563181818392682,0.6879484207043601,0.001,64,mbv2,0,0.2,42,64,0.001,mbv2_bs64_lr1e-3_wd_0_dp_2e-1_seed_42,C:\Users\jakub\Documents\Magisterskie\DeepLearning\mobilenet\experiments\lr_new\experiments\mbv2_bs64_lr1e-3_wd_0_dp_2e-1_seed_42
14,0.5081017312791613,0.9768232903586492,0.8602763348970222,0.6798203121880513,0.001,64,mbv2,0,0.2,42,64,0.001,mbv2_bs64_lr1e-3_wd_0_dp_2e-1_seed_42,C:\Users\jakub\Documents\Magisterskie\DeepLearning\mobilenet\experiments\lr_new\experiments\mbv2_bs64_lr1e-3_wd_0_dp_2e-1_seed_42
15,0.4749616556697421,0.9787190407223172,0.884015657293842,0.6882862008729888,0.001,64,mbv2,0,0.2,42,64,0.001,mbv2_bs64_lr1e-3_wd_0_dp_2e-1_seed_42,C:\Users\jakub\Documents\Magisterskie\DeepLearning\mobilenet\experiments\lr_new\experiments\mbv2_bs64_lr1e-3_wd_0_dp_2e-1_seed_42
16,0.4444712428728739,1.006897669680913,0.890845541083279,0.6894572562506813,0.001,64,mbv2,0,0.2,42,64,0.001,mbv2_bs64_lr1e-3_wd_0_dp_2e-1_seed_42,C:\Users\jakub\Documents\Magisterskie\DeepLearning\mobilenet\experiments\lr_new\experiments\mbv2_bs64_lr1e-3_wd_0_dp_2e-1_seed_42
17,0.4150758656872643,1.0438427828788757,0.8994184326428556,0.684686500880072,0.001,64,mbv2,0,0.2,42,64,0.001,mbv2_bs64_lr1e-3_wd_0_dp_2e-1_seed_42,C:\Users\jakub\Documents\Magisterskie\DeepLearning\mobilenet\experiments\lr_new\experiments\mbv2_bs64_lr1e-3_wd_0_dp_2e-1_seed_42
18,0.3889480063597361,1.0378826166815227,0.9091575765150895,0.6851145276212743,0.001,64,mbv2,0,0.2,42,64,0.001,mbv2_bs64_lr1e-3_wd_0_dp_2e-1_seed_42,C:\Users\jakub\Documents\Magisterskie\DeepLearning\mobilenet\experiments\lr_new\experiments\mbv2_bs64_lr1e-3_wd_0_dp_2e-1_seed_42
19,0.3593717524051666,1.1181850423706905,0.9154797495324576,0.6805412640700437,0.001,64,mbv2,0,0.2,42,64,0.001,mbv2_bs64_lr1e-3_wd_0_dp_2e-1_seed_42,C:\Users\jakub\Documents\Magisterskie\DeepLearning\mobilenet\experiments\lr_new\experiments\mbv2_bs64_lr1e-3_wd_0_dp_2e-1_seed_42
20,0.3443523333655463,1.1344278651661344,0.9228778916141872,0.6805462920581662,0.001,64,mbv2,0,0.2,42,64,0.001,mbv2_bs64_lr1e-3_wd_0_dp_2e-1_seed_42,C:\Users\jakub\Documents\Magisterskie\DeepLearning\mobilenet\experiments\lr_new\experiments\mbv2_bs64_lr1e-3_wd_0_dp_2e-1_seed_42
21,0.3240562182320489,1.199726031308704,0.9281742157106364,0.6774949316015575,0.001,64,mbv2,0,0.2,42,64,0.001,mbv2_bs64_lr1e-3_wd_0_dp_2e-1_seed_42,C:\Users\jakub\Documents\Magisterskie\DeepLearning\mobilenet\experiments\lr_new\experiments\mbv2_bs64_lr1e-3_wd_0_dp_2e-1_seed_42
22,0.3040021168576347,1.18878260910511,0.930986658737988,0.678713552758564,0.001,64,mbv2,0,0.2,42,64,0.001,mbv2_bs64_lr1e-3_wd_0_dp_2e-1_seed_42,C:\Users\jakub\Documents\Magisterskie\DeepLearning\mobilenet\experiments\lr_new\experiments\mbv2_bs64_lr1e-3_wd_0_dp_2e-1_seed_42
23,0.2865863654560513,1.1907738264454737,0.932715264681788,0.677813411048957,0.001,64,mbv2,0,0.2,42,64,0.001,mbv2_bs64_lr1e-3_wd_0_dp_2e-1_seed_42,C:\Users\jakub\Documents\Magisterskie\DeepLearning\mobilenet\experiments\lr_new\experiments\mbv2_bs64_lr1e-3_wd_0_dp_2e-1_seed_42
24,0.2718763777044084,1.2411803597569466,0.929890382440386,0.6781864526600225,0.001,64,mbv2,0,0.2,42,64,0.001,mbv2_bs64_lr1e-3_wd_0_dp_2e-1_seed_42,C:\Users\jakub\Documents\Magisterskie\DeepLearning\mobilenet\experiments\lr_new\experiments\mbv2_bs64_lr1e-3_wd_0_dp_2e-1_seed_42
25,0.2562784918281767,1.296255909760793,0.9309927637392204,0.669412412318511,0.001,64,mbv2,0,0.2,42,64,0.001,mbv2_bs64_lr1e-3_wd_0_dp_2e-1_seed_42,C:\Users\jakub\Documents\Magisterskie\DeepLearning\mobilenet\experiments\lr_new\experiments\mbv2_bs64_lr1e-3_wd_0_dp_2e-1_seed_42
0,1.7273177414152356,1.5223090265485977,0.4406445629887198,0.4278981376272776,0.001,64,mbv2,0,0.2,7,64,0.001,mbv2_bs64_lr1e-3_wd_0_dp_2e-1_seed_7,C:\Users\jakub\Documents\Magisterskie\DeepLearning\mobilenet\experiments\lr_new\experiments\mbv2_bs64_lr1e-3_wd_0_dp_2e-1_seed_7
1,1.3902636863708495,1.257846641222636,0.5635817835336175,0.5417881223880185,0.001,64,mbv2,0,0.2,7,64,0.001,mbv2_bs64_lr1e-3_wd_0_dp_2e-1_seed_7,C:\Users\jakub\Documents\Magisterskie\DeepLearning\mobilenet\experiments\lr_new\experiments\mbv2_bs64_lr1e-3_wd_0_dp_2e-1_seed_7
2,1.220375110965305,1.1464097069528367,0.6154185453034732,0.5877100362450063,0.001,64,mbv2,0,0.2,7,64,0.001,mbv2_bs64_lr1e-3_wd_0_dp_2e-1_seed_7,C:\Users\jakub\Documents\Magisterskie\DeepLearning\mobilenet\experiments\lr_new\experiments\mbv2_bs64_lr1e-3_wd_0_dp_2e-1_seed_7
3,1.1093527066548663,1.107551483938429,0.6316709993983612,0.5971750498823896,0.001,64,mbv2,0,0.2,7,64,0.001,mbv2_bs64_lr1e-3_wd_0_dp_2e-1_seed_7,C:\Users\jakub\Documents\Magisterskie\DeepLearning\mobilenet\experiments\lr_new\experiments\mbv2_bs64_lr1e-3_wd_0_dp_2e-1_seed_7
4,1.019164776187473,1.0985419149716695,0.6489410330933235,0.6085310189095344,0.001,64,mbv2,0,0.2,7,64,0.001,mbv2_bs64_lr1e-3_wd_0_dp_2e-1_seed_7,C:\Users\jakub\Documents\Magisterskie\DeepLearning\mobilenet\experiments\lr_new\experiments\mbv2_bs64_lr1e-3_wd_0_dp_2e-1_seed_7
5,0.9412685956743028,0.9995198346614838,0.6939982384322569,0.6367949361181069,0.001,64,mbv2,0,0.2,7,64,0.001,mbv2_bs64_lr1e-3_wd_0_dp_2e-1_seed_7,C:\Users\jakub\Documents\Magisterskie\DeepLearning\mobilenet\experiments\lr_new\experiments\mbv2_bs64_lr1e-3_wd_0_dp_2e-1_seed_7
6,0.8784522707621256,0.9393298906326294,0.7261780186964192,0.6551855971340699,0.001,64,mbv2,0,0.2,7,64,0.001,mbv2_bs64_lr1e-3_wd_0_dp_2e-1_seed_7,C:\Users\jakub\Documents\Magisterskie\DeepLearning\mobilenet\experiments\lr_new\experiments\mbv2_bs64_lr1e-3_wd_0_dp_2e-1_seed_7
7,0.8194700034247504,0.9208063822534348,0.7472368851791571,0.6693560063309463,0.001,64,mbv2,0,0.2,7,64,0.001,mbv2_bs64_lr1e-3_wd_0_dp_2e-1_seed_7,C:\Users\jakub\Documents\Magisterskie\DeepLearning\mobilenet\experiments\lr_new\experiments\mbv2_bs64_lr1e-3_wd_0_dp_2e-1_seed_7
8,0.7598868485980563,0.9377784672048356,0.7649496412660725,0.6663009290383013,0.001,64,mbv2,0,0.2,7,64,0.001,mbv2_bs64_lr1e-3_wd_0_dp_2e-1_seed_7,C:\Users\jakub\Documents\Magisterskie\DeepLearning\mobilenet\experiments\lr_new\experiments\mbv2_bs64_lr1e-3_wd_0_dp_2e-1_seed_7
9,0.7119778722974989,0.905206252362993,0.7870396237138044,0.6775421160515168,0.001,64,mbv2,0,0.2,7,64,0.001,mbv2_bs64_lr1e-3_wd_0_dp_2e-1_seed_7,C:\Users\jakub\Documents\Magisterskie\DeepLearning\mobilenet\experiments\lr_new\experiments\mbv2_bs64_lr1e-3_wd_0_dp_2e-1_seed_7
10,0.6670757077746922,0.8920616566552056,0.8137646623214854,0.6876835697300716,0.001,64,mbv2,0,0.2,7,64,0.001,mbv2_bs64_lr1e-3_wd_0_dp_2e-1_seed_7,C:\Users\jakub\Documents\Magisterskie\DeepLearning\mobilenet\experiments\lr_new\experiments\mbv2_bs64_lr1e-3_wd_0_dp_2e-1_seed_7
11,0.6260527809037103,0.9473172528213925,0.8127507678442607,0.6775710844139784,0.001,64,mbv2,0,0.2,7,64,0.001,mbv2_bs64_lr1e-3_wd_0_dp_2e-1_seed_7,C:\Users\jakub\Documents\Magisterskie\DeepLearning\mobilenet\experiments\lr_new\experiments\mbv2_bs64_lr1e-3_wd_0_dp_2e-1_seed_7
12,0.5855066767586602,0.9028257479455736,0.8454386686460401,0.6900915278853397,0.001,64,mbv2,0,0.2,7,64,0.001,mbv2_bs64_lr1e-3_wd_0_dp_2e-1_seed_7,C:\Users\jakub\Documents\Magisterskie\DeepLearning\mobilenet\experiments\lr_new\experiments\mbv2_bs64_lr1e-3_wd_0_dp_2e-1_seed_7
13,0.544123507616255,0.9429034498956468,0.8541759089666794,0.6859900326308069,0.001,64,mbv2,0,0.2,7,64,0.001,mbv2_bs64_lr1e-3_wd_0_dp_2e-1_seed_7,C:\Users\jakub\Documents\Magisterskie\DeepLearning\mobilenet\experiments\lr_new\experiments\mbv2_bs64_lr1e-3_wd_0_dp_2e-1_seed_7
14,0.5108823419676887,0.9480843572457632,0.8657897600134008,0.687119531858756,0.001,64,mbv2,0,0.2,7,64,0.001,mbv2_bs64_lr1e-3_wd_0_dp_2e-1_seed_7,C:\Users\jakub\Documents\Magisterskie\DeepLearning\mobilenet\experiments\lr_new\experiments\mbv2_bs64_lr1e-3_wd_0_dp_2e-1_seed_7
15,0.4733308826870388,0.9749036615159776,0.8775989290467674,0.6878992661457565,0.001,64,mbv2,0,0.2,7,64,0.001,mbv2_bs64_lr1e-3_wd_0_dp_2e-1_seed_7,C:\Users\jakub\Documents\Magisterskie\DeepLearning\mobilenet\experiments\lr_new\experiments\mbv2_bs64_lr1e-3_wd_0_dp_2e-1_seed_7
16,0.4406751940833198,1.0158662518209882,0.8811327063815322,0.6817424367234564,0.001,64,mbv2,0,0.2,7,64,0.001,mbv2_bs64_lr1e-3_wd_0_dp_2e-1_seed_7,C:\Users\jakub\Documents\Magisterskie\DeepLearning\mobilenet\experiments\lr_new\experiments\mbv2_bs64_lr1e-3_wd_0_dp_2e-1_seed_7
17,0.4130451270712746,1.058719292857912,0.8877151750406206,0.6820030264297167,0.001,64,mbv2,0,0.2,7,64,0.001,mbv2_bs64_lr1e-3_wd_0_dp_2e-1_seed_7,C:\Users\jakub\Documents\Magisterskie\DeepLearning\mobilenet\experiments\lr_new\experiments\mbv2_bs64_lr1e-3_wd_0_dp_2e-1_seed_7
18,0.3843403455787235,1.0321072767363657,0.9132682470264396,0.6895112989974803,0.001,64,mbv2,0,0.2,7,64,0.001,mbv2_bs64_lr1e-3_wd_0_dp_2e-1_seed_7,C:\Users\jakub\Documents\Magisterskie\DeepLearning\mobilenet\experiments\lr_new\experiments\mbv2_bs64_lr1e-3_wd_0_dp_2e-1_seed_7
19,0.3600121061642964,1.0847246427006192,0.912289691743261,0.6838931873013356,0.001,64,mbv2,0,0.2,7,64,0.001,mbv2_bs64_lr1e-3_wd_0_dp_2e-1_seed_7,C:\Users\jakub\Documents\Magisterskie\DeepLearning\mobilenet\experiments\lr_new\experiments\mbv2_bs64_lr1e-3_wd_0_dp_2e-1_seed_7
20,0.3417811751948462,1.0772816176891329,0.9285757961000156,0.690154252158687,0.001,64,mbv2,0,0.2,7,64,0.001,mbv2_bs64_lr1e-3_wd_0_dp_2e-1_seed_7,C:\Users\jakub\Documents\Magisterskie\DeepLearning\mobilenet\experiments\lr_new\experiments\mbv2_bs64_lr1e-3_wd_0_dp_2e-1_seed_7
21,0.319101107290056,1.1173329840819042,0.9323097772840038,0.6901275383761759,0.001,64,mbv2,0,0.2,7,64,0.001,mbv2_bs64_lr1e-3_wd_0_dp_2e-1_seed_7,C:\Users\jakub\Documents\Magisterskie\DeepLearning\mobilenet\experiments\lr_new\experiments\mbv2_bs64_lr1e-3_wd_0_dp_2e-1_seed_7
22,0.2997764721658494,1.1405403420024447,0.9292219098159598,0.6860959944225871,0.001,64,mbv2,0,0.2,7,64,0.001,mbv2_bs64_lr1e-3_wd_0_dp_2e-1_seed_7,C:\Users\jakub\Documents\Magisterskie\DeepLearning\mobilenet\experiments\lr_new\experiments\mbv2_bs64_lr1e-3_wd_0_dp_2e-1_seed_7
23,0.2815406390640471,1.153410059936841,0.9424965051238392,0.6920524584171128,0.001,64,mbv2,0,0.2,7,64,0.001,mbv2_bs64_lr1e-3_wd_0_dp_2e-1_seed_7,C:\Users\jakub\Documents\Magisterskie\DeepLearning\mobilenet\experiments\lr_new\experiments\mbv2_bs64_lr1e-3_wd_0_dp_2e-1_seed_7
24,0.272640703898006,1.210044338968065,0.9443597908792526,0.6852522594056459,0.001,64,mbv2,0,0.2,7,64,0.001,mbv2_bs64_lr1e-3_wd_0_dp_2e-1_seed_7,C:\Users\jakub\Documents\Magisterskie\DeepLearning\mobilenet\experiments\lr_new\experiments\mbv2_bs64_lr1e-3_wd_0_dp_2e-1_seed_7
25,0.2537614497264226,1.2008656407409244,0.9485078775613088,0.685516664347315,0.001,64,mbv2,0,0.2,7,64,0.001,mbv2_bs64_lr1e-3_wd_0_dp_2e-1_seed_7,C:\Users\jakub\Documents\Magisterskie\DeepLearning\mobilenet\experiments\lr_new\experiments\mbv2_bs64_lr1e-3_wd_0_dp_2e-1_seed_7
0,1.709808562850952,1.5090939359876845,0.4414243378297845,0.4302885546973957,0.001,64,mbv2,0,0.2,999,64,0.001,mbv2_bs64_lr1e-3_wd_0_dp_2e-1_seed_999,C:\Users\jakub\Documents\Magisterskie\DeepLearning\mobilenet\experiments\lr_new\experiments\mbv2_bs64_lr1e-3_wd_0_dp_2e-1_seed_999
1,1.3908174591064453,1.3108401971605088,0.5335423526129233,0.5143051016241963,0.001,64,mbv2,0,0.2,999,64,0.001,mbv2_bs64_lr1e-3_wd_0_dp_2e-1_seed_999,C:\Users\jakub\Documents\Magisterskie\DeepLearning\mobilenet\experiments\lr_new\experiments\mbv2_bs64_lr1e-3_wd_0_dp_2e-1_seed_999
2,1.2291294074588353,1.2208619136598375,0.5778782319708685,0.5503939743893377,0.001,64,mbv2,0,0.2,999,64,0.001,mbv2_bs64_lr1e-3_wd_0_dp_2e-1_seed_999,C:\Users\jakub\Documents\Magisterskie\DeepLearning\mobilenet\experiments\lr_new\experiments\mbv2_bs64_lr1e-3_wd_0_dp_2e-1_seed_999
3,1.1121350070529514,1.095480488173167,0.6405677400854519,0.6020450741070776,0.001,64,mbv2,0,0.2,999,64,0.001,mbv2_bs64_lr1e-3_wd_0_dp_2e-1_seed_999,C:\Users\jakub\Documents\Magisterskie\DeepLearning\mobilenet\experiments\lr_new\experiments\mbv2_bs64_lr1e-3_wd_0_dp_2e-1_seed_999
4,1.022184271621704,1.0478646622922685,0.6709752784541689,0.6255368243213768,0.001,64,mbv2,0,0.2,999,64,0.001,mbv2_bs64_lr1e-3_wd_0_dp_2e-1_seed_999,C:\Users\jakub\Documents\Magisterskie\DeepLearning\mobilenet\experiments\lr_new\experiments\mbv2_bs64_lr1e-3_wd_0_dp_2e-1_seed_999
5,0.9535451623704698,1.039643362241321,0.6788893088897892,0.6255168248524989,0.001,64,mbv2,0,0.2,999,64,0.001,mbv2_bs64_lr1e-3_wd_0_dp_2e-1_seed_999,C:\Users\jakub\Documents\Magisterskie\DeepLearning\mobilenet\experiments\lr_new\experiments\mbv2_bs64_lr1e-3_wd_0_dp_2e-1_seed_999
6,0.8851559459050496,0.9701870016945732,0.7205129421775249,0.6489507275296018,0.001,64,mbv2,0,0.2,999,64,0.001,mbv2_bs64_lr1e-3_wd_0_dp_2e-1_seed_999,C:\Users\jakub\Documents\Magisterskie\DeepLearning\mobilenet\experiments\lr_new\experiments\mbv2_bs64_lr1e-3_wd_0_dp_2e-1_seed_999
7,0.8261096241633097,0.925453687567181,0.7566207278872782,0.6695045033572247,0.001,64,mbv2,0,0.2,999,64,0.001,mbv2_bs64_lr1e-3_wd_0_dp_2e-1_seed_999,C:\Users\jakub\Documents\Magisterskie\DeepLearning\mobilenet\experiments\lr_new\experiments\mbv2_bs64_lr1e-3_wd_0_dp_2e-1_seed_999
8,0.7734766702016195,0.946940490108066,0.7595759529447064,0.6633105011471729,0.001,64,mbv2,0,0.2,999,64,0.001,mbv2_bs64_lr1e-3_wd_0_dp_2e-1_seed_999,C:\Users\jakub\Documents\Magisterskie\DeepLearning\mobilenet\experiments\lr_new\experiments\mbv2_bs64_lr1e-3_wd_0_dp_2e-1_seed_999
9,0.7224417477819655,0.9756884732617273,0.7624061531589023,0.6611763426967974,0.001,64,mbv2,0,0.2,999,64,0.001,mbv2_bs64_lr1e-3_wd_0_dp_2e-1_seed_999,C:\Users\jakub\Documents\Magisterskie\DeepLearning\mobilenet\experiments\lr_new\experiments\mbv2_bs64_lr1e-3_wd_0_dp_2e-1_seed_999
10,0.679543813917372,0.9232935714933608,0.8064752952702037,0.6780604341711752,0.001,64,mbv2,0,0.2,999,64,0.001,mbv2_bs64_lr1e-3_wd_0_dp_2e-1_seed_999,C:\Users\jakub\Documents\Magisterskie\DeepLearning\mobilenet\experiments\lr_new\experiments\mbv2_bs64_lr1e-3_wd_0_dp_2e-1_seed_999
11,0.6347054457081689,0.9489425931082832,0.8123270637580324,0.6751455068604116,0.001,64,mbv2,0,0.2,999,64,0.001,mbv2_bs64_lr1e-3_wd_0_dp_2e-1_seed_999,C:\Users\jakub\Documents\Magisterskie\DeepLearning\mobilenet\experiments\lr_new\experiments\mbv2_bs64_lr1e-3_wd_0_dp_2e-1_seed_999
12,0.5929830975002712,0.9420171661959754,0.8391576676073838,0.6799362518394989,0.001,64,mbv2,0,0.2,999,64,0.001,mbv2_bs64_lr1e-3_wd_0_dp_2e-1_seed_999,C:\Users\jakub\Documents\Magisterskie\DeepLearning\mobilenet\experiments\lr_new\experiments\mbv2_bs64_lr1e-3_wd_0_dp_2e-1_seed_999
13,0.5558832717789544,0.972004490905338,0.8446924112883796,0.6776926332754377,0.001,64,mbv2,0,0.2,999,64,0.001,mbv2_bs64_lr1e-3_wd_0_dp_2e-1_seed_999,C:\Users\jakub\Documents\Magisterskie\DeepLearning\mobilenet\experiments\lr_new\experiments\mbv2_bs64_lr1e-3_wd_0_dp_2e-1_seed_999
14,0.5217159779336717,0.9785573405848608,0.8623713693201702,0.6780714782406667,0.001,64,mbv2,0,0.2,999,64,0.001,mbv2_bs64_lr1e-3_wd_0_dp_2e-1_seed_999,C:\Users\jakub\Documents\Magisterskie\DeepLearning\mobilenet\experiments\lr_new\experiments\mbv2_bs64_lr1e-3_wd_0_dp_2e-1_seed_999
15,0.4854363381173875,0.9930130084779528,0.879365807801492,0.6791873373512702,0.001,64,mbv2,0,0.2,999,64,0.001,mbv2_bs64_lr1e-3_wd_0_dp_2e-1_seed_999,C:\Users\jakub\Documents\Magisterskie\DeepLearning\mobilenet\experiments\lr_new\experiments\mbv2_bs64_lr1e-3_wd_0_dp_2e-1_seed_999
16,0.4567592829810248,1.0355239159531064,0.8843956372971238,0.6781816826393874,0.001,64,mbv2,0,0.2,999,64,0.001,mbv2_bs64_lr1e-3_wd_0_dp_2e-1_seed_999,C:\Users\jakub\Documents\Magisterskie\DeepLearning\mobilenet\experiments\lr_new\experiments\mbv2_bs64_lr1e-3_wd_0_dp_2e-1_seed_999
17,0.4210315236833361,1.0405715168211196,0.9028029960899944,0.6812682573045075,0.001,64,mbv2,0,0.2,999,64,0.001,mbv2_bs64_lr1e-3_wd_0_dp_2e-1_seed_999,C:\Users\jakub\Documents\Magisterskie\DeepLearning\mobilenet\experiments\lr_new\experiments\mbv2_bs64_lr1e-3_wd_0_dp_2e-1_seed_999
18,0.3968226612726847,1.0703402470495966,0.911154537506402,0.6806754465755412,0.001,64,mbv2,0,0.2,999,64,0.001,mbv2_bs64_lr1e-3_wd_0_dp_2e-1_seed_999,C:\Users\jakub\Documents\Magisterskie\DeepLearning\mobilenet\experiments\lr_new\experiments\mbv2_bs64_lr1e-3_wd_0_dp_2e-1_seed_999
19,0.3714513488133748,1.102277239338557,0.9161737006601236,0.681040020880484,0.001,64,mbv2,0,0.2,999,64,0.001,mbv2_bs64_lr1e-3_wd_0_dp_2e-1_seed_999,C:\Users\jakub\Documents\Magisterskie\DeepLearning\mobilenet\experiments\lr_new\experiments\mbv2_bs64_lr1e-3_wd_0_dp_2e-1_seed_999
20,0.3460308179749383,1.1865438320583768,0.9159015945530457,0.6711709419481746,0.001,64,mbv2,0,0.2,999,64,0.001,mbv2_bs64_lr1e-3_wd_0_dp_2e-1_seed_999,C:\Users\jakub\Documents\Magisterskie\DeepLearning\mobilenet\experiments\lr_new\experiments\mbv2_bs64_lr1e-3_wd_0_dp_2e-1_seed_999
21,0.3273456202983856,1.133516843790478,0.9237258145225996,0.6768933204136733,0.001,64,mbv2,0,0.2,999,64,0.001,mbv2_bs64_lr1e-3_wd_0_dp_2e-1_seed_999,C:\Users\jakub\Documents\Magisterskie\DeepLearning\mobilenet\experiments\lr_new\experiments\mbv2_bs64_lr1e-3_wd_0_dp_2e-1_seed_999
22,0.3041755460659663,1.213130021429062,0.9282220464598944,0.6765452637302876,0.001,64,mbv2,0,0.2,999,64,0.001,mbv2_bs64_lr1e-3_wd_0_dp_2e-1_seed_999,C:\Users\jakub\Documents\Magisterskie\DeepLearning\mobilenet\experiments\lr_new\experiments\mbv2_bs64_lr1e-3_wd_0_dp_2e-1_seed_999
23,0.2888680832015143,1.2133371656576792,0.9408339502907308,0.6770495216142715,0.001,64,mbv2,0,0.2,999,64,0.001,mbv2_bs64_lr1e-3_wd_0_dp_2e-1_seed_999,C:\Users\jakub\Documents\Magisterskie\DeepLearning\mobilenet\experiments\lr_new\experiments\mbv2_bs64_lr1e-3_wd_0_dp_2e-1_seed_999
24,0.276532736047109,1.254900606277254,0.9379681920157836,0.6729163272095674,0.001,64,mbv2,0,0.2,999,64,0.001,mbv2_bs64_lr1e-3_wd_0_dp_2e-1_seed_999,C:\Users\jakub\Documents\Magisterskie\DeepLearning\mobilenet\experiments\lr_new\experiments\mbv2_bs64_lr1e-3_wd_0_dp_2e-1_seed_999
25,0.2583634291860792,1.2376282008277046,0.9491566329343304,0.6767024889382823,0.001,64,mbv2,0,0.2,999,64,0.001,mbv2_bs64_lr1e-3_wd_0_dp_2e-1_seed_999,C:\Users\jakub\Documents\Magisterskie\DeepLearning\mobilenet\experiments\lr_new\experiments\mbv2_bs64_lr1e-3_wd_0_dp_2e-1_seed_999
0,1.963398765818278,1.7905419800864326,0.3244404215824978,0.3119718101646354,0.0001,64,mbv2,0,0.2,123,64,0.0001,mbv2_bs64_lr1e-4_wd_0_dp_2e-1_seed_123,C:\Users\jakub\Documents\Magisterskie\DeepLearning\mobilenet\experiments\lr_new\experiments\mbv2_bs64_lr1e-4_wd_0_dp_2e-1_seed_123
1,1.731160039223565,1.6780646895514597,0.3928629518304786,0.3687922994582926,0.0001,64,mbv2,0,0.2,123,64,0.0001,mbv2_bs64_lr1e-4_wd_0_dp_2e-1_seed_123,C:\Users\jakub\Documents\Magisterskie\DeepLearning\mobilenet\experiments\lr_new\experiments\mbv2_bs64_lr1e-4_wd_0_dp_2e-1_seed_123
2,1.6247377573649089,1.584609888733758,0.4333379217736063,0.4033058839336242,0.0001,64,mbv2,0,0.2,123,64,0.0001,mbv2_bs64_lr1e-4_wd_0_dp_2e-1_seed_123,C:\Users\jakub\Documents\Magisterskie\DeepLearning\mobilenet\experiments\lr_new\experiments\mbv2_bs64_lr1e-4_wd_0_dp_2e-1_seed_123
3,1.537480168830024,1.5333088229497274,0.4682771151354133,0.4271076557035809,0.0001,64,mbv2,0,0.2,123,64,0.0001,mbv2_bs64_lr1e-4_wd_0_dp_2e-1_seed_123,C:\Users\jakub\Documents\Magisterskie\DeepLearning\mobilenet\experiments\lr_new\experiments\mbv2_bs64_lr1e-4_wd_0_dp_2e-1_seed_123
4,1.464605033747355,1.4897076459990608,0.5047931858960133,0.4461028160578623,0.0001,64,mbv2,0,0.2,123,64,0.0001,mbv2_bs64_lr1e-4_wd_0_dp_2e-1_seed_123,C:\Users\jakub\Documents\Magisterskie\DeepLearning\mobilenet\experiments\lr_new\experiments\mbv2_bs64_lr1e-4_wd_0_dp_2e-1_seed_123
5,1.3956416109720866,1.451488309372796,0.5380999291553039,0.4626857468132076,0.0001,64,mbv2,0,0.2,123,64,0.0001,mbv2_bs64_lr1e-4_wd_0_dp_2e-1_seed_123,C:\Users\jakub\Documents\Magisterskie\DeepLearning\mobilenet\experiments\lr_new\experiments\mbv2_bs64_lr1e-4_wd_0_dp_2e-1_seed_123
6,1.3290718634711371,1.4310831572002836,0.5666755805535454,0.4751349483614673,0.0001,64,mbv2,0,0.2,123,64,0.0001,mbv2_bs64_lr1e-4_wd_0_dp_2e-1_seed_123,C:\Users\jakub\Documents\Magisterskie\DeepLearning\mobilenet\experiments\lr_new\experiments\mbv2_bs64_lr1e-4_wd_0_dp_2e-1_seed_123
7,1.267007405005561,1.419297226354811,0.5875840780396191,0.4807493476761554,0.0001,64,mbv2,0,0.2,123,64,0.0001,mbv2_bs64_lr1e-4_wd_0_dp_2e-1_seed_123,C:\Users\jakub\Documents\Magisterskie\DeepLearning\mobilenet\experiments\lr_new\experiments\mbv2_bs64_lr1e-4_wd_0_dp_2e-1_seed_123
8,1.2100695723003811,1.413073802672492,0.6228542059254394,0.4912450311419437,0.0001,64,mbv2,0,0.2,123,64,0.0001,mbv2_bs64_lr1e-4_wd_0_dp_2e-1_seed_123,C:\Users\jakub\Documents\Magisterskie\DeepLearning\mobilenet\experiments\lr_new\experiments\mbv2_bs64_lr1e-4_wd_0_dp_2e-1_seed_123
9,1.1557759322272407,1.40910564104716,0.6475343524312827,0.4947019400183352,0.0001,64,mbv2,0,0.2,123,64,0.0001,mbv2_bs64_lr1e-4_wd_0_dp_2e-1_seed_123,C:\Users\jakub\Documents\Magisterskie\DeepLearning\mobilenet\experiments\lr_new\experiments\mbv2_bs64_lr1e-4_wd_0_dp_2e-1_seed_123
10,1.1027310830222237,1.4269385232077705,0.677253316656379,0.4951363171116469,0.0001,64,mbv2,0,0.2,123,64,0.0001,mbv2_bs64_lr1e-4_wd_0_dp_2e-1_seed_123,C:\Users\jakub\Documents\Magisterskie\DeepLearning\mobilenet\experiments\lr_new\experiments\mbv2_bs64_lr1e-4_wd_0_dp_2e-1_seed_123
11,1.0465929784986707,1.4499098560121324,0.685929126648263,0.4878693483321642,0.0001,64,mbv2,0,0.2,123,64,0.0001,mbv2_bs64_lr1e-4_wd_0_dp_2e-1_seed_123,C:\Users\jakub\Documents\Magisterskie\DeepLearning\mobilenet\experiments\lr_new\experiments\mbv2_bs64_lr1e-4_wd_0_dp_2e-1_seed_123
12,0.9970637506696912,1.4505640319824218,0.7215695143737347,0.4948519385490718,0.0001,64,mbv2,0,0.2,123,64,0.0001,mbv2_bs64_lr1e-4_wd_0_dp_2e-1_seed_123,C:\Users\jakub\Documents\Magisterskie\DeepLearning\mobilenet\experiments\lr_new\experiments\mbv2_bs64_lr1e-4_wd_0_dp_2e-1_seed_123
13,0.9469523059421115,1.4991511779997084,0.7515981942666835,0.4942213541831052,0.0001,64,mbv2,0,0.2,123,64,0.0001,mbv2_bs64_lr1e-4_wd_0_dp_2e-1_seed_123,C:\Users\jakub\Documents\Magisterskie\DeepLearning\mobilenet\experiments\lr_new\experiments\mbv2_bs64_lr1e-4_wd_0_dp_2e-1_seed_123
14,0.890716419643826,1.5298340827941894,0.7641036585412619,0.4897012286534391,0.0001,64,mbv2,0,0.2,123,64,0.0001,mbv2_bs64_lr1e-4_wd_0_dp_2e-1_seed_123,C:\Users\jakub\Documents\Magisterskie\DeepLearning\mobilenet\experiments\lr_new\experiments\mbv2_bs64_lr1e-4_wd_0_dp_2e-1_seed_123
15,0.843105819108751,1.5687107052697076,0.7940453580022214,0.4912216746602311,0.0001,64,mbv2,0,0.2,123,64,0.0001,mbv2_bs64_lr1e-4_wd_0_dp_2e-1_seed_123,C:\Users\jakub\Documents\Magisterskie\DeepLearning\mobilenet\experiments\lr_new\experiments\mbv2_bs64_lr1e-4_wd_0_dp_2e-1_seed_123
16,0.79413287686242,1.602543458896213,0.8084336030634782,0.4893174477939553,0.0001,64,mbv2,0,0.2,123,64,0.0001,mbv2_bs64_lr1e-4_wd_0_dp_2e-1_seed_123,C:\Users\jakub\Documents\Magisterskie\DeepLearning\mobilenet\experiments\lr_new\experiments\mbv2_bs64_lr1e-4_wd_0_dp_2e-1_seed_123
17,0.7512446005291409,1.651515033976237,0.8374779813775151,0.4917795118717322,0.0001,64,mbv2,0,0.2,123,64,0.0001,mbv2_bs64_lr1e-4_wd_0_dp_2e-1_seed_123,C:\Users\jakub\Documents\Magisterskie\DeepLearning\mobilenet\experiments\lr_new\experiments\mbv2_bs64_lr1e-4_wd_0_dp_2e-1_seed_123
18,0.7085372385448879,1.715584845383962,0.8448260511276986,0.4878889604368258,0.0001,64,mbv2,0,0.2,123,64,0.0001,mbv2_bs64_lr1e-4_wd_0_dp_2e-1_seed_123,C:\Users\jakub\Documents\Magisterskie\DeepLearning\mobilenet\experiments\lr_new\experiments\mbv2_bs64_lr1e-4_wd_0_dp_2e-1_seed_123
19,0.6608061509662204,1.7823896875169545,0.8564792446153575,0.4861252781511203,0.0001,64,mbv2,0,0.2,123,64,0.0001,mbv2_bs64_lr1e-4_wd_0_dp_2e-1_seed_123,C:\Users\jakub\Documents\Magisterskie\DeepLearning\mobilenet\experiments\lr_new\experiments\mbv2_bs64_lr1e-4_wd_0_dp_2e-1_seed_123
20,0.6264599377526178,1.811488386323717,0.8788823284439126,0.4882155447691085,0.0001,64,mbv2,0,0.2,123,64,0.0001,mbv2_bs64_lr1e-4_wd_0_dp_2e-1_seed_123,C:\Users\jakub\Documents\Magisterskie\DeepLearning\mobilenet\experiments\lr_new\experiments\mbv2_bs64_lr1e-4_wd_0_dp_2e-1_seed_123
21,0.585792038207584,1.8617675104777016,0.8896284010155966,0.4917957052361398,0.0001,64,mbv2,0,0.2,123,64,0.0001,mbv2_bs64_lr1e-4_wd_0_dp_2e-1_seed_123,C:\Users\jakub\Documents\Magisterskie\DeepLearning\mobilenet\experiments\lr_new\experiments\mbv2_bs64_lr1e-4_wd_0_dp_2e-1_seed_123
22,0.5578219632572597,1.941961842324999,0.8931222029277336,0.4860137629748701,0.0001,64,mbv2,0,0.2,123,64,0.0001,mbv2_bs64_lr1e-4_wd_0_dp_2e-1_seed_123,C:\Users\jakub\Documents\Magisterskie\DeepLearning\mobilenet\experiments\lr_new\experiments\mbv2_bs64_lr1e-4_wd_0_dp_2e-1_seed_123
23,0.5314342995219761,1.933452194383409,0.9059153700705356,0.4876491456881425,0.0001,64,mbv2,0,0.2,123,64,0.0001,mbv2_bs64_lr1e-4_wd_0_dp_2e-1_seed_123,C:\Users\jakub\Documents\Magisterskie\DeepLearning\mobilenet\experiments\lr_new\experiments\mbv2_bs64_lr1e-4_wd_0_dp_2e-1_seed_123
24,0.5007077256944444,2.0296096225738527,0.9190333495938054,0.4863697926794639,0.0001,64,mbv2,0,0.2,123,64,0.0001,mbv2_bs64_lr1e-4_wd_0_dp_2e-1_seed_123,C:\Users\jakub\Documents\Magisterskie\DeepLearning\mobilenet\experiments\lr_new\experiments\mbv2_bs64_lr1e-4_wd_0_dp_2e-1_seed_123
25,0.4801850305027432,2.0667228985892403,0.9199320405085072,0.4857363777246301,0.0001,64,mbv2,0,0.2,123,64,0.0001,mbv2_bs64_lr1e-4_wd_0_dp_2e-1_seed_123,C:\Users\jakub\Documents\Magisterskie\DeepLearning\mobilenet\experiments\lr_new\experiments\mbv2_bs64_lr1e-4_wd_0_dp_2e-1_seed_123
0,2.024910416454739,1.8035104246139528,0.3274216743349705,0.3146375090710264,0.0001,64,mbv2,0,0.2,2024,64,0.0001,mbv2_bs64_lr1e-4_wd_0_dp_2e-1_seed_2024,C:\Users\jakub\Documents\Magisterskie\DeepLearning\mobilenet\experiments\lr_new\experiments\mbv2_bs64_lr1e-4_wd_0_dp_2e-1_seed_2024
1,1.744215152041117,1.6762047954559327,0.3790430318192125,0.3555301586456759,0.0001,64,mbv2,0,0.2,2024,64,0.0001,mbv2_bs64_lr1e-4_wd_0_dp_2e-1_seed_2024,C:\Users\jakub\Documents\Magisterskie\DeepLearning\mobilenet\experiments\lr_new\experiments\mbv2_bs64_lr1e-4_wd_0_dp_2e-1_seed_2024
2,1.6308682436201307,1.597554458363851,0.4368240279970541,0.4030971647134088,0.0001,64,mbv2,0,0.2,2024,64,0.0001,mbv2_bs64_lr1e-4_wd_0_dp_2e-1_seed_2024,C:\Users\jakub\Documents\Magisterskie\DeepLearning\mobilenet\experiments\lr_new\experiments\mbv2_bs64_lr1e-4_wd_0_dp_2e-1_seed_2024
3,1.54118290025923,1.5259702225367229,0.4718527512160934,0.4303482180732337,0.0001,64,mbv2,0,0.2,2024,64,0.0001,mbv2_bs64_lr1e-4_wd_0_dp_2e-1_seed_2024,C:\Users\jakub\Documents\Magisterskie\DeepLearning\mobilenet\experiments\lr_new\experiments\mbv2_bs64_lr1e-4_wd_0_dp_2e-1_seed_2024
4,1.4671063261244033,1.486045081753201,0.5069943590523043,0.4495361906377503,0.0001,64,mbv2,0,0.2,2024,64,0.0001,mbv2_bs64_lr1e-4_wd_0_dp_2e-1_seed_2024,C:\Users\jakub\Documents\Magisterskie\DeepLearning\mobilenet\experiments\lr_new\experiments\mbv2_bs64_lr1e-4_wd_0_dp_2e-1_seed_2024
5,1.3975747060139974,1.4543574916627673,0.531284162798196,0.4580238781743153,0.0001,64,mbv2,0,0.2,2024,64,0.0001,mbv2_bs64_lr1e-4_wd_0_dp_2e-1_seed_2024,C:\Users\jakub\Documents\Magisterskie\DeepLearning\mobilenet\experiments\lr_new\experiments\mbv2_bs64_lr1e-4_wd_0_dp_2e-1_seed_2024
6,1.3365835259331598,1.4262890317493016,0.569595963034514,0.4766019189939499,0.0001,64,mbv2,0,0.2,2024,64,0.0001,mbv2_bs64_lr1e-4_wd_0_dp_2e-1_seed_2024,C:\Users\jakub\Documents\Magisterskie\DeepLearning\mobilenet\experiments\lr_new\experiments\mbv2_bs64_lr1e-4_wd_0_dp_2e-1_seed_2024
7,1.272088458442688,1.4138337530771892,0.5882136762028736,0.4813698506249849,0.0001,64,mbv2,0,0.2,2024,64,0.0001,mbv2_bs64_lr1e-4_wd_0_dp_2e-1_seed_2024,C:\Users\jakub\Documents\Magisterskie\DeepLearning\mobilenet\experiments\lr_new\experiments\mbv2_bs64_lr1e-4_wd_0_dp_2e-1_seed_2024
8,1.2160673392825656,1.4048789624320135,0.6189932163349832,0.4861820680096345,0.0001,64,mbv2,0,0.2,2024,64,0.0001,mbv2_bs64_lr1e-4_wd_0_dp_2e-1_seed_2024,C:\Users\jakub\Documents\Magisterskie\DeepLearning\mobilenet\experiments\lr_new\experiments\mbv2_bs64_lr1e-4_wd_0_dp_2e-1_seed_2024
9,1.1567467747476363,1.4104237997690836,0.6518768985246234,0.4890778419467015,0.0001,64,mbv2,0,0.2,2024,64,0.0001,mbv2_bs64_lr1e-4_wd_0_dp_2e-1_seed_2024,C:\Users\jakub\Documents\Magisterskie\DeepLearning\mobilenet\experiments\lr_new\experiments\mbv2_bs64_lr1e-4_wd_0_dp_2e-1_seed_2024
10,1.1028603144751654,1.4347442193243238,0.6684191778283267,0.4868989910989963,0.0001,64,mbv2,0,0.2,2024,64,0.0001,mbv2_bs64_lr1e-4_wd_0_dp_2e-1_seed_2024,C:\Users\jakub\Documents\Magisterskie\DeepLearning\mobilenet\experiments\lr_new\experiments\mbv2_bs64_lr1e-4_wd_0_dp_2e-1_seed_2024
11,1.0492082575056287,1.4475831543604534,0.7013492889300201,0.4916921684497942,0.0001,64,mbv2,0,0.2,2024,64,0.0001,mbv2_bs64_lr1e-4_wd_0_dp_2e-1_seed_2024,C:\Users\jakub\Documents\Magisterskie\DeepLearning\mobilenet\experiments\lr_new\experiments\mbv2_bs64_lr1e-4_wd_0_dp_2e-1_seed_2024
12,0.9962500448862712,1.4739878539191351,0.7239098571005906,0.4946536322734799,0.0001,64,mbv2,0,0.2,2024,64,0.0001,mbv2_bs64_lr1e-4_wd_0_dp_2e-1_seed_2024,C:\Users\jakub\Documents\Magisterskie\DeepLearning\mobilenet\experiments\lr_new\experiments\mbv2_bs64_lr1e-4_wd_0_dp_2e-1_seed_2024
13,0.93804278605779,1.4989636113696627,0.7454970845695683,0.4914602058198761,0.0001,64,mbv2,0,0.2,2024,64,0.0001,mbv2_bs64_lr1e-4_wd_0_dp_2e-1_seed_2024,C:\Users\jakub\Documents\Magisterskie\DeepLearning\mobilenet\experiments\lr_new\experiments\mbv2_bs64_lr1e-4_wd_0_dp_2e-1_seed_2024
14,0.8906938140657213,1.542327658843994,0.7743449966583508,0.4857385055146076,0.0001,64,mbv2,0,0.2,2024,64,0.0001,mbv2_bs64_lr1e-4_wd_0_dp_2e-1_seed_2024,C:\Users\jakub\Documents\Magisterskie\DeepLearning\mobilenet\experiments\lr_new\experiments\mbv2_bs64_lr1e-4_wd_0_dp_2e-1_seed_2024
15,0.8400071978463067,1.5659136218388876,0.8002280258327901,0.4897482873344739,0.0001,64,mbv2,0,0.2,2024,64,0.0001,mbv2_bs64_lr1e-4_wd_0_dp_2e-1_seed_2024,C:\Users\jakub\Documents\Magisterskie\DeepLearning\mobilenet\experiments\lr_new\experiments\mbv2_bs64_lr1e-4_wd_0_dp_2e-1_seed_2024
16,0.7978213766945733,1.6409694200833638,0.8074719702845998,0.4823277299332257,0.0001,64,mbv2,0,0.2,2024,64,0.0001,mbv2_bs64_lr1e-4_wd_0_dp_2e-1_seed_2024,C:\Users\jakub\Documents\Magisterskie\DeepLearning\mobilenet\experiments\lr_new\experiments\mbv2_bs64_lr1e-4_wd_0_dp_2e-1_seed_2024
17,0.7416496779335869,1.6859270948198106,0.8272997946081802,0.482445961457797,0.0001,64,mbv2,0,0.2,2024,64,0.0001,mbv2_bs64_lr1e-4_wd_0_dp_2e-1_seed_2024,C:\Users\jakub\Documents\Magisterskie\DeepLearning\mobilenet\experiments\lr_new\experiments\mbv2_bs64_lr1e-4_wd_0_dp_2e-1_seed_2024
18,0.7109777265760634,1.729804053709242,0.8427432300195568,0.4857362892325924,0.0001,64,mbv2,0,0.2,2024,64,0.0001,mbv2_bs64_lr1e-4_wd_0_dp_2e-1_seed_2024,C:\Users\jakub\Documents\Magisterskie\DeepLearning\mobilenet\experiments\lr_new\experiments\mbv2_bs64_lr1e-4_wd_0_dp_2e-1_seed_2024
19,0.6663642774158054,1.764561204878489,0.8636386490112387,0.4857018769215998,0.0001,64,mbv2,0,0.2,2024,64,0.0001,mbv2_bs64_lr1e-4_wd_0_dp_2e-1_seed_2024,C:\Users\jakub\Documents\Magisterskie\DeepLearning\mobilenet\experiments\lr_new\experiments\mbv2_bs64_lr1e-4_wd_0_dp_2e-1_seed_2024
20,0.628150015894572,1.8149465826882256,0.8727989185799341,0.4853530379511342,0.0001,64,mbv2,0,0.2,2024,64,0.0001,mbv2_bs64_lr1e-4_wd_0_dp_2e-1_seed_2024,C:\Users\jakub\Documents\Magisterskie\DeepLearning\mobilenet\experiments\lr_new\experiments\mbv2_bs64_lr1e-4_wd_0_dp_2e-1_seed_2024
21,0.5954872417661878,1.8538542627970376,0.89048546747808,0.4857072294776042,0.0001,64,mbv2,0,0.2,2024,64,0.0001,mbv2_bs64_lr1e-4_wd_0_dp_2e-1_seed_2024,C:\Users\jakub\Documents\Magisterskie\DeepLearning\mobilenet\experiments\lr_new\experiments\mbv2_bs64_lr1e-4_wd_0_dp_2e-1_seed_2024
22,0.5590312144915263,1.9411163411882189,0.8954659977626271,0.482757870394933,0.0001,64,mbv2,0,0.2,2024,64,0.0001,mbv2_bs64_lr1e-4_wd_0_dp_2e-1_seed_2024,C:\Users\jakub\Documents\Magisterskie\DeepLearning\mobilenet\experiments\lr_new\experiments\mbv2_bs64_lr1e-4_wd_0_dp_2e-1_seed_2024
23,0.5377058077918159,1.9791866942723595,0.8931757117390597,0.4850107749840641,0.0001,64,mbv2,0,0.2,2024,64,0.0001,mbv2_bs64_lr1e-4_wd_0_dp_2e-1_seed_2024,C:\Users\jakub\Documents\Magisterskie\DeepLearning\mobilenet\experiments\lr_new\experiments\mbv2_bs64_lr1e-4_wd_0_dp_2e-1_seed_2024
24,0.5068195993423462,2.000857872517904,0.9163115060276632,0.4859257500424287,0.0001,64,mbv2,0,0.2,2024,64,0.0001,mbv2_bs64_lr1e-4_wd_0_dp_2e-1_seed_2024,C:\Users\jakub\Documents\Magisterskie\DeepLearning\mobilenet\experiments\lr_new\experiments\mbv2_bs64_lr1e-4_wd_0_dp_2e-1_seed_2024
25,0.4807055452770657,2.089022904841105,0.9193560601881404,0.4794961097801909,0.0001,64,mbv2,0,0.2,2024,64,0.0001,mbv2_bs64_lr1e-4_wd_0_dp_2e-1_seed_2024,C:\Users\jakub\Documents\Magisterskie\DeepLearning\mobilenet\experiments\lr_new\experiments\mbv2_bs64_lr1e-4_wd_0_dp_2e-1_seed_2024
0,1.9959418480767144,1.7923962019602455,0.3301766051254581,0.3161399185571755,0.0001,64,mbv2,0,0.2,42,64,0.0001,mbv2_bs64_lr1e-4_wd_0_dp_2e-1_seed_42,C:\Users\jakub\Documents\Magisterskie\DeepLearning\mobilenet\experiments\lr_new\experiments\mbv2_bs64_lr1e-4_wd_0_dp_2e-1_seed_42
1,1.714533846113417,1.6358203848520916,0.4075752293741185,0.383386823127232,0.0001,64,mbv2,0,0.2,42,64,0.0001,mbv2_bs64_lr1e-4_wd_0_dp_2e-1_seed_42,C:\Users\jakub\Documents\Magisterskie\DeepLearning\mobilenet\experiments\lr_new\experiments\mbv2_bs64_lr1e-4_wd_0_dp_2e-1_seed_42
2,1.5919094925350612,1.570808196618822,0.4500882349832706,0.4139355903244291,0.0001,64,mbv2,0,0.2,42,64,0.0001,mbv2_bs64_lr1e-4_wd_0_dp_2e-1_seed_42,C:\Users\jakub\Documents\Magisterskie\DeepLearning\mobilenet\experiments\lr_new\experiments\mbv2_bs64_lr1e-4_wd_0_dp_2e-1_seed_42
3,1.5025566696590849,1.503061483446757,0.4906654554647709,0.4411729407533247,0.0001,64,mbv2,0,0.2,42,64,0.0001,mbv2_bs64_lr1e-4_wd_0_dp_2e-1_seed_42,C:\Users\jakub\Documents\Magisterskie\DeepLearning\mobilenet\experiments\lr_new\experiments\mbv2_bs64_lr1e-4_wd_0_dp_2e-1_seed_42
4,1.4234602048661973,1.4588733859803942,0.5265920480696783,0.4589050635683596,0.0001,64,mbv2,0,0.2,42,64,0.0001,mbv2_bs64_lr1e-4_wd_0_dp_2e-1_seed_42,C:\Users\jakub\Documents\Magisterskie\DeepLearning\mobilenet\experiments\lr_new\experiments\mbv2_bs64_lr1e-4_wd_0_dp_2e-1_seed_42
5,1.3506177676942612,1.4282304195404052,0.560869400891356,0.4737233803422452,0.0001,64,mbv2,0,0.2,42,64,0.0001,mbv2_bs64_lr1e-4_wd_0_dp_2e-1_seed_42,C:\Users\jakub\Documents\Magisterskie\DeepLearning\mobilenet\experiments\lr_new\experiments\mbv2_bs64_lr1e-4_wd_0_dp_2e-1_seed_42
6,1.2863860832850138,1.4157068773905437,0.583579286849926,0.4793276009159681,0.0001,64,mbv2,0,0.2,42,64,0.0001,mbv2_bs64_lr1e-4_wd_0_dp_2e-1_seed_42,C:\Users\jakub\Documents\Magisterskie\DeepLearning\mobilenet\experiments\lr_new\experiments\mbv2_bs64_lr1e-4_wd_0_dp_2e-1_seed_42
7,1.2264826327006022,1.3987378524038527,0.6162318052351092,0.4868172877974648,0.0001,64,mbv2,0,0.2,42,64,0.0001,mbv2_bs64_lr1e-4_wd_0_dp_2e-1_seed_42,C:\Users\jakub\Documents\Magisterskie\DeepLearning\mobilenet\experiments\lr_new\experiments\mbv2_bs64_lr1e-4_wd_0_dp_2e-1_seed_42
8,1.1661262339486016,1.407628864012824,0.6366972122314453,0.4898292289343667,0.0001,64,mbv2,0,0.2,42,64,0.0001,mbv2_bs64_lr1e-4_wd_0_dp_2e-1_seed_42,C:\Users\jakub\Documents\Magisterskie\DeepLearning\mobilenet\experiments\lr_new\experiments\mbv2_bs64_lr1e-4_wd_0_dp_2e-1_seed_42
9,1.1105969545576309,1.4133456917656793,0.6662133268965946,0.4918916384329583,0.0001,64,mbv2,0,0.2,42,64,0.0001,mbv2_bs64_lr1e-4_wd_0_dp_2e-1_seed_42,C:\Users\jakub\Documents\Magisterskie\DeepLearning\mobilenet\experiments\lr_new\experiments\mbv2_bs64_lr1e-4_wd_0_dp_2e-1_seed_42
10,1.054323391532898,1.4401643025080364,0.6913997048924841,0.4958159962340163,0.0001,64,mbv2,0,0.2,42,64,0.0001,mbv2_bs64_lr1e-4_wd_0_dp_2e-1_seed_42,C:\Users\jakub\Documents\Magisterskie\DeepLearning\mobilenet\experiments\lr_new\experiments\mbv2_bs64_lr1e-4_wd_0_dp_2e-1_seed_42
11,0.9998764083226522,1.4645555858294168,0.7239952905553045,0.4957382803144035,0.0001,64,mbv2,0,0.2,42,64,0.0001,mbv2_bs64_lr1e-4_wd_0_dp_2e-1_seed_42,C:\Users\jakub\Documents\Magisterskie\DeepLearning\mobilenet\experiments\lr_new\experiments\mbv2_bs64_lr1e-4_wd_0_dp_2e-1_seed_42
12,0.9421990021599664,1.4793787895414563,0.7452945726698117,0.493591620622022,0.0001,64,mbv2,0,0.2,42,64,0.0001,mbv2_bs64_lr1e-4_wd_0_dp_2e-1_seed_42,C:\Users\jakub\Documents\Magisterskie\DeepLearning\mobilenet\experiments\lr_new\experiments\mbv2_bs64_lr1e-4_wd_0_dp_2e-1_seed_42
13,0.8894338019265069,1.5417551005469428,0.7646325731187377,0.4929012067761975,0.0001,64,mbv2,0,0.2,42,64,0.0001,mbv2_bs64_lr1e-4_wd_0_dp_2e-1_seed_42,C:\Users\jakub\Documents\Magisterskie\DeepLearning\mobilenet\experiments\lr_new\experiments\mbv2_bs64_lr1e-4_wd_0_dp_2e-1_seed_42
14,0.8375051032596165,1.581821417427063,0.7979800911260427,0.4917167346051414,0.0001,64,mbv2,0,0.2,42,64,0.0001,mbv2_bs64_lr1e-4_wd_0_dp_2e-1_seed_42,C:\Users\jakub\Documents\Magisterskie\DeepLearning\mobilenet\experiments\lr_new\experiments\mbv2_bs64_lr1e-4_wd_0_dp_2e-1_seed_42
15,0.7871016944037543,1.6290619936307271,0.8177346670407667,0.4874665629779036,0.0001,64,mbv2,0,0.2,42,64,0.0001,mbv2_bs64_lr1e-4_wd_0_dp_2e-1_seed_42,C:\Users\jakub\Documents\Magisterskie\DeepLearning\mobilenet\experiments\lr_new\experiments\mbv2_bs64_lr1e-4_wd_0_dp_2e-1_seed_42
16,0.7402849139531453,1.681193612268236,0.8375229782841401,0.4895591192427679,0.0001,64,mbv2,0,0.2,42,64,0.0001,mbv2_bs64_lr1e-4_wd_0_dp_2e-1_seed_42,C:\Users\jakub\Documents\Magisterskie\DeepLearning\mobilenet\experiments\lr_new\experiments\mbv2_bs64_lr1e-4_wd_0_dp_2e-1_seed_42
17,0.6990948679288228,1.7050976826349895,0.847246547272715,0.4890962399467309,0.0001,64,mbv2,0,0.2,42,64,0.0001,mbv2_bs64_lr1e-4_wd_0_dp_2e-1_seed_42,C:\Users\jakub\Documents\Magisterskie\DeepLearning\mobilenet\experiments\lr_new\experiments\mbv2_bs64_lr1e-4_wd_0_dp_2e-1_seed_42
18,0.6580500497606065,1.7691432732688055,0.8624658209677527,0.4918761038494003,0.0001,64,mbv2,0,0.2,42,64,0.0001,mbv2_bs64_lr1e-4_wd_0_dp_2e-1_seed_42,C:\Users\jakub\Documents\Magisterskie\DeepLearning\mobilenet\experiments\lr_new\experiments\mbv2_bs64_lr1e-4_wd_0_dp_2e-1_seed_42
19,0.6198730220900641,1.8031692540910509,0.8822573965075261,0.4840361872703959,0.0001,64,mbv2,0,0.2,42,64,0.0001,mbv2_bs64_lr1e-4_wd_0_dp_2e-1_seed_42,C:\Users\jakub\Documents\Magisterskie\DeepLearning\mobilenet\experiments\lr_new\experiments\mbv2_bs64_lr1e-4_wd_0_dp_2e-1_seed_42
20,0.5845315164142185,1.8817891344918145,0.8897955510075871,0.4858084898075977,0.0001,64,mbv2,0,0.2,42,64,0.0001,mbv2_bs64_lr1e-4_wd_0_dp_2e-1_seed_42,C:\Users\jakub\Documents\Magisterskie\DeepLearning\mobilenet\experiments\lr_new\experiments\mbv2_bs64_lr1e-4_wd_0_dp_2e-1_seed_42
21,0.5503373218430413,1.96624172545539,0.8955298252447497,0.4852803372133941,0.0001,64,mbv2,0,0.2,42,64,0.0001,mbv2_bs64_lr1e-4_wd_0_dp_2e-1_seed_42,C:\Users\jakub\Documents\Magisterskie\DeepLearning\mobilenet\experiments\lr_new\experiments\mbv2_bs64_lr1e-4_wd_0_dp_2e-1_seed_42
22,0.5187361834949917,1.9859251765780976,0.9140824314304832,0.4847462662737857,0.0001,64,mbv2,0,0.2,42,64,0.0001,mbv2_bs64_lr1e-4_wd_0_dp_2e-1_seed_42,C:\Users\jakub\Documents\Magisterskie\DeepLearning\mobilenet\experiments\lr_new\experiments\mbv2_bs64_lr1e-4_wd_0_dp_2e-1_seed_42
23,0.4927777047687107,2.048591876856486,0.9147528180583075,0.483102354630995,0.0001,64,mbv2,0,0.2,42,64,0.0001,mbv2_bs64_lr1e-4_wd_0_dp_2e-1_seed_42,C:\Users\jakub\Documents\Magisterskie\DeepLearning\mobilenet\experiments\lr_new\experiments\mbv2_bs64_lr1e-4_wd_0_dp_2e-1_seed_42
24,0.4724911424107021,2.092013069513109,0.921098900554749,0.482208956653486,0.0001,64,mbv2,0,0.2,42,64,0.0001,mbv2_bs64_lr1e-4_wd_0_dp_2e-1_seed_42,C:\Users\jakub\Documents\Magisterskie\DeepLearning\mobilenet\experiments\lr_new\experiments\mbv2_bs64_lr1e-4_wd_0_dp_2e-1_seed_42
25,0.4470176688830057,2.1568809551027086,0.924737415215948,0.4821160682697351,0.0001,64,mbv2,0,0.2,42,64,0.0001,mbv2_bs64_lr1e-4_wd_0_dp_2e-1_seed_42,C:\Users\jakub\Documents\Magisterskie\DeepLearning\mobilenet\experiments\lr_new\experiments\mbv2_bs64_lr1e-4_wd_0_dp_2e-1_seed_42
0,2.0140903114318847,1.8234112587187024,0.3103281930828679,0.299759921902914,0.0001,64,mbv2,0,0.2,7,64,0.0001,mbv2_bs64_lr1e-4_wd_0_dp_2e-1_seed_7,C:\Users\jakub\Documents\Magisterskie\DeepLearning\mobilenet\experiments\lr_new\experiments\mbv2_bs64_lr1e-4_wd_0_dp_2e-1_seed_7
1,1.765455298614502,1.6920491993374294,0.3798474372276659,0.3603239502871647,0.0001,64,mbv2,0,0.2,7,64,0.0001,mbv2_bs64_lr1e-4_wd_0_dp_2e-1_seed_7,C:\Users\jakub\Documents\Magisterskie\DeepLearning\mobilenet\experiments\lr_new\experiments\mbv2_bs64_lr1e-4_wd_0_dp_2e-1_seed_7
2,1.6486644254048666,1.6156369671503703,0.4209300712850827,0.3898028823056599,0.0001,64,mbv2,0,0.2,7,64,0.0001,mbv2_bs64_lr1e-4_wd_0_dp_2e-1_seed_7,C:\Users\jakub\Documents\Magisterskie\DeepLearning\mobilenet\experiments\lr_new\experiments\mbv2_bs64_lr1e-4_wd_0_dp_2e-1_seed_7
3,1.5609415419896444,1.5579852660285105,0.4614519397925779,0.415110119120987,0.0001,64,mbv2,0,0.2,7,64,0.0001,mbv2_bs64_lr1e-4_wd_0_dp_2e-1_seed_7,C:\Users\jakub\Documents\Magisterskie\DeepLearning\mobilenet\experiments\lr_new\experiments\mbv2_bs64_lr1e-4_wd_0_dp_2e-1_seed_7
4,1.47852391972012,1.5085782002978854,0.499083543851389,0.4407118742624535,0.0001,64,mbv2,0,0.2,7,64,0.0001,mbv2_bs64_lr1e-4_wd_0_dp_2e-1_seed_7,C:\Users\jakub\Documents\Magisterskie\DeepLearning\mobilenet\experiments\lr_new\experiments\mbv2_bs64_lr1e-4_wd_0_dp_2e-1_seed_7
5,1.4054273439619276,1.4591686409632365,0.5307027733745976,0.4549628297447138,0.0001,64,mbv2,0,0.2,7,64,0.0001,mbv2_bs64_lr1e-4_wd_0_dp_2e-1_seed_7,C:\Users\jakub\Documents\Magisterskie\DeepLearning\mobilenet\experiments\lr_new\experiments\mbv2_bs64_lr1e-4_wd_0_dp_2e-1_seed_7
6,1.3424892193688287,1.4247780506134031,0.5617512617083127,0.4714496827231776,0.0001,64,mbv2,0,0.2,7,64,0.0001,mbv2_bs64_lr1e-4_wd_0_dp_2e-1_seed_7,C:\Users\jakub\Documents\Magisterskie\DeepLearning\mobilenet\experiments\lr_new\experiments\mbv2_bs64_lr1e-4_wd_0_dp_2e-1_seed_7
7,1.280875824271308,1.4184059143066403,0.5850395146764076,0.4787411061921912,0.0001,64,mbv2,0,0.2,7,64,0.0001,mbv2_bs64_lr1e-4_wd_0_dp_2e-1_seed_7,C:\Users\jakub\Documents\Magisterskie\DeepLearning\mobilenet\experiments\lr_new\experiments\mbv2_bs64_lr1e-4_wd_0_dp_2e-1_seed_7
8,1.2193736949496798,1.4091194117863972,0.619768898489685,0.4866502594649365,0.0001,64,mbv2,0,0.2,7,64,0.0001,mbv2_bs64_lr1e-4_wd_0_dp_2e-1_seed_7,C:\Users\jakub\Documents\Magisterskie\DeepLearning\mobilenet\experiments\lr_new\experiments\mbv2_bs64_lr1e-4_wd_0_dp_2e-1_seed_7
9,1.1640000208112928,1.409596858575609,0.642413660031498,0.4902144054777328,0.0001,64,mbv2,0,0.2,7,64,0.0001,mbv2_bs64_lr1e-4_wd_0_dp_2e-1_seed_7,C:\Users\jakub\Documents\Magisterskie\DeepLearning\mobilenet\experiments\lr_new\experiments\mbv2_bs64_lr1e-4_wd_0_dp_2e-1_seed_7
10,1.113945730717977,1.4178129956987169,0.6666980617140642,0.4882969803541764,0.0001,64,mbv2,0,0.2,7,64,0.0001,mbv2_bs64_lr1e-4_wd_0_dp_2e-1_seed_7,C:\Users\jakub\Documents\Magisterskie\DeepLearning\mobilenet\experiments\lr_new\experiments\mbv2_bs64_lr1e-4_wd_0_dp_2e-1_seed_7
11,1.0589501503838432,1.4212699944602118,0.6902780887928672,0.4927180479950167,0.0001,64,mbv2,0,0.2,7,64,0.0001,mbv2_bs64_lr1e-4_wd_0_dp_2e-1_seed_7,C:\Users\jakub\Documents\Magisterskie\DeepLearning\mobilenet\experiments\lr_new\experiments\mbv2_bs64_lr1e-4_wd_0_dp_2e-1_seed_7
12,1.007013631439209,1.4458651628600228,0.7225688519152417,0.4964150783706332,0.0001,64,mbv2,0,0.2,7,64,0.0001,mbv2_bs64_lr1e-4_wd_0_dp_2e-1_seed_7,C:\Users\jakub\Documents\Magisterskie\DeepLearning\mobilenet\experiments\lr_new\experiments\mbv2_bs64_lr1e-4_wd_0_dp_2e-1_seed_7
13,0.9482682570139568,1.4698851672490438,0.7370498168154065,0.4940767129933602,0.0001,64,mbv2,0,0.2,7,64,0.0001,mbv2_bs64_lr1e-4_wd_0_dp_2e-1_seed_7,C:\Users\jakub\Documents\Magisterskie\DeepLearning\mobilenet\experiments\lr_new\experiments\mbv2_bs64_lr1e-4_wd_0_dp_2e-1_seed_7
14,0.902313601981269,1.496984449895223,0.7660415821501001,0.4972180665786295,0.0001,64,mbv2,0,0.2,7,64,0.0001,mbv2_bs64_lr1e-4_wd_0_dp_2e-1_seed_7,C:\Users\jakub\Documents\Magisterskie\DeepLearning\mobilenet\experiments\lr_new\experiments\mbv2_bs64_lr1e-4_wd_0_dp_2e-1_seed_7
15,0.8557438737021552,1.5301333299424913,0.7852053631028963,0.4982431909405872,0.0001,64,mbv2,0,0.2,7,64,0.0001,mbv2_bs64_lr1e-4_wd_0_dp_2e-1_seed_7,C:\Users\jakub\Documents\Magisterskie\DeepLearning\mobilenet\experiments\lr_new\experiments\mbv2_bs64_lr1e-4_wd_0_dp_2e-1_seed_7
16,0.8083884588453505,1.5964959291034275,0.8014887079292448,0.4919270347333679,0.0001,64,mbv2,0,0.2,7,64,0.0001,mbv2_bs64_lr1e-4_wd_0_dp_2e-1_seed_7,C:\Users\jakub\Documents\Magisterskie\DeepLearning\mobilenet\experiments\lr_new\experiments\mbv2_bs64_lr1e-4_wd_0_dp_2e-1_seed_7
17,0.7608755984624227,1.6467293269899157,0.8221580572176181,0.4891081642716795,0.0001,64,mbv2,0,0.2,7,64,0.0001,mbv2_bs64_lr1e-4_wd_0_dp_2e-1_seed_7,C:\Users\jakub\Documents\Magisterskie\DeepLearning\mobilenet\experiments\lr_new\experiments\mbv2_bs64_lr1e-4_wd_0_dp_2e-1_seed_7
18,0.7173011468569438,1.6622568937089708,0.8434769603967535,0.4941189450842027,0.0001,64,mbv2,0,0.2,7,64,0.0001,mbv2_bs64_lr1e-4_wd_0_dp_2e-1_seed_7,C:\Users\jakub\Documents\Magisterskie\DeepLearning\mobilenet\experiments\lr_new\experiments\mbv2_bs64_lr1e-4_wd_0_dp_2e-1_seed_7
19,0.6758133683946398,1.738507389216953,0.8547462870924252,0.4904188466883669,0.0001,64,mbv2,0,0.2,7,64,0.0001,mbv2_bs64_lr1e-4_wd_0_dp_2e-1_seed_7,C:\Users\jakub\Documents\Magisterskie\DeepLearning\mobilenet\experiments\lr_new\experiments\mbv2_bs64_lr1e-4_wd_0_dp_2e-1_seed_7
20,0.6387181740230984,1.7976595298979017,0.8628117691190713,0.4882611158378062,0.0001,64,mbv2,0,0.2,7,64,0.0001,mbv2_bs64_lr1e-4_wd_0_dp_2e-1_seed_7,C:\Users\jakub\Documents\Magisterskie\DeepLearning\mobilenet\experiments\lr_new\experiments\mbv2_bs64_lr1e-4_wd_0_dp_2e-1_seed_7
21,0.6049278830846151,1.842818031862047,0.88181295785885,0.4904223965226921,0.0001,64,mbv2,0,0.2,7,64,0.0001,mbv2_bs64_lr1e-4_wd_0_dp_2e-1_seed_7,C:\Users\jakub\Documents\Magisterskie\DeepLearning\mobilenet\experiments\lr_new\experiments\mbv2_bs64_lr1e-4_wd_0_dp_2e-1_seed_7
22,0.5723494122717115,1.8619372079849243,0.8959984116952355,0.4925772449452851,0.0001,64,mbv2,0,0.2,7,64,0.0001,mbv2_bs64_lr1e-4_wd_0_dp_2e-1_seed_7,C:\Users\jakub\Documents\Magisterskie\DeepLearning\mobilenet\experiments\lr_new\experiments\mbv2_bs64_lr1e-4_wd_0_dp_2e-1_seed_7
23,0.5414623778767056,1.9181935506396823,0.8978850952256907,0.4881608737407981,0.0001,64,mbv2,0,0.2,7,64,0.0001,mbv2_bs64_lr1e-4_wd_0_dp_2e-1_seed_7,C:\Users\jakub\Documents\Magisterskie\DeepLearning\mobilenet\experiments\lr_new\experiments\mbv2_bs64_lr1e-4_wd_0_dp_2e-1_seed_7
24,0.515208935186598,1.972083574210273,0.9109097513112684,0.4904750262224825,0.0001,64,mbv2,0,0.2,7,64,0.0001,mbv2_bs64_lr1e-4_wd_0_dp_2e-1_seed_7,C:\Users\jakub\Documents\Magisterskie\DeepLearning\mobilenet\experiments\lr_new\experiments\mbv2_bs64_lr1e-4_wd_0_dp_2e-1_seed_7
25,0.4907871994760301,1.9850957619137235,0.9260995622782232,0.4969174488969951,0.0001,64,mbv2,0,0.2,7,64,0.0001,mbv2_bs64_lr1e-4_wd_0_dp_2e-1_seed_7,C:\Users\jakub\Documents\Magisterskie\DeepLearning\mobilenet\experiments\lr_new\experiments\mbv2_bs64_lr1e-4_wd_0_dp_2e-1_seed_7
0,2.0229734413994684,1.833295659764608,0.3191676156269588,0.3064771882434606,0.0001,64,mbv2,0,0.2,999,64,0.0001,mbv2_bs64_lr1e-4_wd_0_dp_2e-1_seed_999,C:\Users\jakub\Documents\Magisterskie\DeepLearning\mobilenet\experiments\lr_new\experiments\mbv2_bs64_lr1e-4_wd_0_dp_2e-1_seed_999
1,1.7644408810933432,1.691884904395209,0.3695680859181838,0.3481867316813917,0.0001,64,mbv2,0,0.2,999,64,0.0001,mbv2_bs64_lr1e-4_wd_0_dp_2e-1_seed_999,C:\Users\jakub\Documents\Magisterskie\DeepLearning\mobilenet\experiments\lr_new\experiments\mbv2_bs64_lr1e-4_wd_0_dp_2e-1_seed_999
2,1.6429434737947253,1.6074745024787056,0.419732056035898,0.3874284414841035,0.0001,64,mbv2,0,0.2,999,64,0.0001,mbv2_bs64_lr1e-4_wd_0_dp_2e-1_seed_999,C:\Users\jakub\Documents\Magisterskie\DeepLearning\mobilenet\experiments\lr_new\experiments\mbv2_bs64_lr1e-4_wd_0_dp_2e-1_seed_999
3,1.5476242360432944,1.540045585441589,0.4693488640482452,0.4243205994996316,0.0001,64,mbv2,0,0.2,999,64,0.0001,mbv2_bs64_lr1e-4_wd_0_dp_2e-1_seed_999,C:\Users\jakub\Documents\Magisterskie\DeepLearning\mobilenet\experiments\lr_new\experiments\mbv2_bs64_lr1e-4_wd_0_dp_2e-1_seed_999
4,1.4679431530422635,1.4869455997678969,0.503153387469738,0.4439852061490071,0.0001,64,mbv2,0,0.2,999,64,0.0001,mbv2_bs64_lr1e-4_wd_0_dp_2e-1_seed_999,C:\Users\jakub\Documents\Magisterskie\DeepLearning\mobilenet\experiments\lr_new\experiments\mbv2_bs64_lr1e-4_wd_0_dp_2e-1_seed_999
5,1.3920067580752902,1.4494813057369655,0.5318429216766247,0.4585271777556551,0.0001,64,mbv2,0,0.2,999,64,0.0001,mbv2_bs64_lr1e-4_wd_0_dp_2e-1_seed_999,C:\Users\jakub\Documents\Magisterskie\DeepLearning\mobilenet\experiments\lr_new\experiments\mbv2_bs64_lr1e-4_wd_0_dp_2e-1_seed_999
6,1.325481568145752,1.412153971205817,0.5655788431087798,0.4758160807206727,0.0001,64,mbv2,0,0.2,999,64,0.0001,mbv2_bs64_lr1e-4_wd_0_dp_2e-1_seed_999,C:\Users\jakub\Documents\Magisterskie\DeepLearning\mobilenet\experiments\lr_new\experiments\mbv2_bs64_lr1e-4_wd_0_dp_2e-1_seed_999
7,1.2579012218899197,1.3983242223103842,0.5968119733379778,0.488418676875105,0.0001,64,mbv2,0,0.2,999,64,0.0001,mbv2_bs64_lr1e-4_wd_0_dp_2e-1_seed_999,C:\Users\jakub\Documents\Magisterskie\DeepLearning\mobilenet\experiments\lr_new\experiments\mbv2_bs64_lr1e-4_wd_0_dp_2e-1_seed_999
8,1.1981067123413085,1.39732992254893,0.6277742873063153,0.4931718557995473,0.0001,64,mbv2,0,0.2,999,64,0.0001,mbv2_bs64_lr1e-4_wd_0_dp_2e-1_seed_999,C:\Users\jakub\Documents\Magisterskie\DeepLearning\mobilenet\experiments\lr_new\experiments\mbv2_bs64_lr1e-4_wd_0_dp_2e-1_seed_999
9,1.1425125047895643,1.4039822112401326,0.6450920413176903,0.493339642083881,0.0001,64,mbv2,0,0.2,999,64,0.0001,mbv2_bs64_lr1e-4_wd_0_dp_2e-1_seed_999,C:\Users\jakub\Documents\Magisterskie\DeepLearning\mobilenet\experiments\lr_new\experiments\mbv2_bs64_lr1e-4_wd_0_dp_2e-1_seed_999
10,1.0879422860039605,1.406902884165446,0.6764758399866049,0.4970046895155439,0.0001,64,mbv2,0,0.2,999,64,0.0001,mbv2_bs64_lr1e-4_wd_0_dp_2e-1_seed_999,C:\Users\jakub\Documents\Magisterskie\DeepLearning\mobilenet\experiments\lr_new\experiments\mbv2_bs64_lr1e-4_wd_0_dp_2e-1_seed_999
11,1.0329853303697374,1.4364796337339614,0.702720201040747,0.5005072176255672,0.0001,64,mbv2,0,0.2,999,64,0.0001,mbv2_bs64_lr1e-4_wd_0_dp_2e-1_seed_999,C:\Users\jakub\Documents\Magisterskie\DeepLearning\mobilenet\experiments\lr_new\experiments\mbv2_bs64_lr1e-4_wd_0_dp_2e-1_seed_999
12,0.9750058206770156,1.4570675650278728,0.7240495412848512,0.4935368345467273,0.0001,64,mbv2,0,0.2,999,64,0.0001,mbv2_bs64_lr1e-4_wd_0_dp_2e-1_seed_999,C:\Users\jakub\Documents\Magisterskie\DeepLearning\mobilenet\experiments\lr_new\experiments\mbv2_bs64_lr1e-4_wd_0_dp_2e-1_seed_999
13,0.923214731809828,1.4900329692204792,0.7496761005549303,0.4992660176341566,0.0001,64,mbv2,0,0.2,999,64,0.0001,mbv2_bs64_lr1e-4_wd_0_dp_2e-1_seed_999,C:\Users\jakub\Documents\Magisterskie\DeepLearning\mobilenet\experiments\lr_new\experiments\mbv2_bs64_lr1e-4_wd_0_dp_2e-1_seed_999
14,0.869777239312066,1.5202254672580295,0.765394196467627,0.4999670228259588,0.0001,64,mbv2,0,0.2,999,64,0.0001,mbv2_bs64_lr1e-4_wd_0_dp_2e-1_seed_999,C:\Users\jakub\Documents\Magisterskie\DeepLearning\mobilenet\experiments\lr_new\experiments\mbv2_bs64_lr1e-4_wd_0_dp_2e-1_seed_999
15,0.8230711248397827,1.5606379245969983,0.7977406266852117,0.5002021460617081,0.0001,64,mbv2,0,0.2,999,64,0.0001,mbv2_bs64_lr1e-4_wd_0_dp_2e-1_seed_999,C:\Users\jakub\Documents\Magisterskie\DeepLearning\mobilenet\experiments\lr_new\experiments\mbv2_bs64_lr1e-4_wd_0_dp_2e-1_seed_999
16,0.7725067857318454,1.611074473169115,0.8209669947630326,0.4950420979686978,0.0001,64,mbv2,0,0.2,999,64,0.0001,mbv2_bs64_lr1e-4_wd_0_dp_2e-1_seed_999,C:\Users\jakub\Documents\Magisterskie\DeepLearning\mobilenet\experiments\lr_new\experiments\mbv2_bs64_lr1e-4_wd_0_dp_2e-1_seed_999
17,0.7315761904186673,1.6516552882300484,0.8346879636020773,0.4951120835545163,0.0001,64,mbv2,0,0.2,999,64,0.0001,mbv2_bs64_lr1e-4_wd_0_dp_2e-1_seed_999,C:\Users\jakub\Documents\Magisterskie\DeepLearning\mobilenet\experiments\lr_new\experiments\mbv2_bs64_lr1e-4_wd_0_dp_2e-1_seed_999
18,0.6835686856163873,1.6986356879234314,0.8551348789165047,0.4967726364339709,0.0001,64,mbv2,0,0.2,999,64,0.0001,mbv2_bs64_lr1e-4_wd_0_dp_2e-1_seed_999,C:\Users\jakub\Documents\Magisterskie\DeepLearning\mobilenet\experiments\lr_new\experiments\mbv2_bs64_lr1e-4_wd_0_dp_2e-1_seed_999
19,0.6503977242999607,1.7302563969718086,0.8731179662976766,0.4949711611075993,0.0001,64,mbv2,0,0.2,999,64,0.0001,mbv2_bs64_lr1e-4_wd_0_dp_2e-1_seed_999,C:\Users\jakub\Documents\Magisterskie\DeepLearning\mobilenet\experiments\lr_new\experiments\mbv2_bs64_lr1e-4_wd_0_dp_2e-1_seed_999
20,0.6127244988547431,1.7941212857352362,0.8758485649383058,0.4902791404794419,0.0001,64,mbv2,0,0.2,999,64,0.0001,mbv2_bs64_lr1e-4_wd_0_dp_2e-1_seed_999,C:\Users\jakub\Documents\Magisterskie\DeepLearning\mobilenet\experiments\lr_new\experiments\mbv2_bs64_lr1e-4_wd_0_dp_2e-1_seed_999
21,0.5789298019409179,1.85412502623664,0.8910301287331869,0.4928071956975848,0.0001,64,mbv2,0,0.2,999,64,0.0001,mbv2_bs64_lr1e-4_wd_0_dp_2e-1_seed_999,C:\Users\jakub\Documents\Magisterskie\DeepLearning\mobilenet\experiments\lr_new\experiments\mbv2_bs64_lr1e-4_wd_0_dp_2e-1_seed_999
22,0.5454685075971816,1.921110935084025,0.8915879253230896,0.4902396007334498,0.0001,64,mbv2,0,0.2,999,64,0.0001,mbv2_bs64_lr1e-4_wd_0_dp_2e-1_seed_999,C:\Users\jakub\Documents\Magisterskie\DeepLearning\mobilenet\experiments\lr_new\experiments\mbv2_bs64_lr1e-4_wd_0_dp_2e-1_seed_999
23,0.5157952752219306,1.9478425964143544,0.912835371300966,0.4964015777162497,0.0001,64,mbv2,0,0.2,999,64,0.0001,mbv2_bs64_lr1e-4_wd_0_dp_2e-1_seed_999,C:\Users\jakub\Documents\Magisterskie\DeepLearning\mobilenet\experiments\lr_new\experiments\mbv2_bs64_lr1e-4_wd_0_dp_2e-1_seed_999
24,0.4920007126066419,2.011419211133321,0.9143417945321956,0.4954215590380831,0.0001,64,mbv2,0,0.2,999,64,0.0001,mbv2_bs64_lr1e-4_wd_0_dp_2e-1_seed_999,C:\Users\jakub\Documents\Magisterskie\DeepLearning\mobilenet\experiments\lr_new\experiments\mbv2_bs64_lr1e-4_wd_0_dp_2e-1_seed_999
25,0.4703011784871419,2.027509866672092,0.9255059956437536,0.4915630911730161,0.0001,64,mbv2,0,0.2,999,64,0.0001,mbv2_bs64_lr1e-4_wd_0_dp_2e-1_seed_999,C:\Users\jakub\Documents\Magisterskie\DeepLearning\mobilenet\experiments\lr_new\experiments\mbv2_bs64_lr1e-4_wd_0_dp_2e-1_seed_999
