epoch,train_loss,val_loss,train_f1_macro,val_f1_macro,lr,batch_size,arch,weight_decay,dropout,seed,batch_size_from_dir,lr_from_dir,run_name,run_dir
0,1.882249301232232,1.6922392592748006,0.3305219322844245,0.3293557536531329,0.01,128,mbv2,0,0.2,123,128,0.01,mbv2_bs128_lr1e-2_wd_0_dp_2e-1_seed_123,C:\Users\jakub\Documents\Magisterskie\DeepLearning\mobilenet\experiments\bs_nowe_2\experiments\mbv2_bs128_lr1e-2_wd_0_dp_2e-1_seed_123
1,1.5385296880086263,1.4523583394368489,0.4452412556464251,0.4385690554158222,0.01,128,mbv2,0,0.2,123,128,0.01,mbv2_bs128_lr1e-2_wd_0_dp_2e-1_seed_123,C:\Users\jakub\Documents\Magisterskie\DeepLearning\mobilenet\experiments\bs_nowe_2\experiments\mbv2_bs128_lr1e-2_wd_0_dp_2e-1_seed_123
2,1.3131878434711033,1.5153559972551134,0.4790868288101753,0.466490568670694,0.01,128,mbv2,0,0.2,123,128,0.01,mbv2_bs128_lr1e-2_wd_0_dp_2e-1_seed_123,C:\Users\jakub\Documents\Magisterskie\DeepLearning\mobilenet\experiments\bs_nowe_2\experiments\mbv2_bs128_lr1e-2_wd_0_dp_2e-1_seed_123
3,1.1919984493255615,1.232608284272088,0.5687880149007913,0.5527754050374476,0.01,128,mbv2,0,0.2,123,128,0.01,mbv2_bs128_lr1e-2_wd_0_dp_2e-1_seed_123,C:\Users\jakub\Documents\Magisterskie\DeepLearning\mobilenet\experiments\bs_nowe_2\experiments\mbv2_bs128_lr1e-2_wd_0_dp_2e-1_seed_123
4,1.1052667919052972,1.2554192901187473,0.5810671919664718,0.5624493615663677,0.01,128,mbv2,0,0.2,123,128,0.01,mbv2_bs128_lr1e-2_wd_0_dp_2e-1_seed_123,C:\Users\jakub\Documents\Magisterskie\DeepLearning\mobilenet\experiments\bs_nowe_2\experiments\mbv2_bs128_lr1e-2_wd_0_dp_2e-1_seed_123
5,1.0416078934139676,1.1273117511113484,0.6124134850571983,0.5903342179308497,0.01,128,mbv2,0,0.2,123,128,0.01,mbv2_bs128_lr1e-2_wd_0_dp_2e-1_seed_123,C:\Users\jakub\Documents\Magisterskie\DeepLearning\mobilenet\experiments\bs_nowe_2\experiments\mbv2_bs128_lr1e-2_wd_0_dp_2e-1_seed_123
6,0.9859279738108316,0.9931145165867276,0.6704904731094558,0.6413690075228906,0.01,128,mbv2,0,0.2,123,128,0.01,mbv2_bs128_lr1e-2_wd_0_dp_2e-1_seed_123,C:\Users\jakub\Documents\Magisterskie\DeepLearning\mobilenet\experiments\bs_nowe_2\experiments\mbv2_bs128_lr1e-2_wd_0_dp_2e-1_seed_123
7,0.9358924215316772,0.9852890214496188,0.6821974174264006,0.6481757495580263,0.01,128,mbv2,0,0.2,123,128,0.01,mbv2_bs128_lr1e-2_wd_0_dp_2e-1_seed_123,C:\Users\jakub\Documents\Magisterskie\DeepLearning\mobilenet\experiments\bs_nowe_2\experiments\mbv2_bs128_lr1e-2_wd_0_dp_2e-1_seed_123
8,0.8979988714430067,0.9296371463669671,0.7045175230779019,0.6672320006483471,0.01,128,mbv2,0,0.2,123,128,0.01,mbv2_bs128_lr1e-2_wd_0_dp_2e-1_seed_123,C:\Users\jakub\Documents\Magisterskie\DeepLearning\mobilenet\experiments\bs_nowe_2\experiments\mbv2_bs128_lr1e-2_wd_0_dp_2e-1_seed_123
9,0.8538555332183838,0.940912443415324,0.7093457113749099,0.6697058581701484,0.01,128,mbv2,0,0.2,123,128,0.01,mbv2_bs128_lr1e-2_wd_0_dp_2e-1_seed_123,C:\Users\jakub\Documents\Magisterskie\DeepLearning\mobilenet\experiments\bs_nowe_2\experiments\mbv2_bs128_lr1e-2_wd_0_dp_2e-1_seed_123
10,0.8183012538274129,0.928388251876831,0.7190461331730846,0.6732767773113422,0.01,128,mbv2,0,0.2,123,128,0.01,mbv2_bs128_lr1e-2_wd_0_dp_2e-1_seed_123,C:\Users\jakub\Documents\Magisterskie\DeepLearning\mobilenet\experiments\bs_nowe_2\experiments\mbv2_bs128_lr1e-2_wd_0_dp_2e-1_seed_123
11,0.7921178291744656,0.8707851646105449,0.7332931524485605,0.6795346548692954,0.01,128,mbv2,0,0.2,123,128,0.01,mbv2_bs128_lr1e-2_wd_0_dp_2e-1_seed_123,C:\Users\jakub\Documents\Magisterskie\DeepLearning\mobilenet\experiments\bs_nowe_2\experiments\mbv2_bs128_lr1e-2_wd_0_dp_2e-1_seed_123
12,0.7587728378189935,0.8738987499025133,0.7494073977872173,0.6928347232732885,0.01,128,mbv2,0,0.2,123,128,0.01,mbv2_bs128_lr1e-2_wd_0_dp_2e-1_seed_123,C:\Users\jakub\Documents\Magisterskie\DeepLearning\mobilenet\experiments\bs_nowe_2\experiments\mbv2_bs128_lr1e-2_wd_0_dp_2e-1_seed_123
13,0.7300774933285183,0.8781302162276374,0.7574334594381458,0.6939085473635443,0.01,128,mbv2,0,0.2,123,128,0.01,mbv2_bs128_lr1e-2_wd_0_dp_2e-1_seed_123,C:\Users\jakub\Documents\Magisterskie\DeepLearning\mobilenet\experiments\bs_nowe_2\experiments\mbv2_bs128_lr1e-2_wd_0_dp_2e-1_seed_123
14,0.7066985849168566,0.8567089958296882,0.7704782675033952,0.701972184570536,0.01,128,mbv2,0,0.2,123,128,0.01,mbv2_bs128_lr1e-2_wd_0_dp_2e-1_seed_123,C:\Users\jakub\Documents\Magisterskie\DeepLearning\mobilenet\experiments\bs_nowe_2\experiments\mbv2_bs128_lr1e-2_wd_0_dp_2e-1_seed_123
15,0.6812500595940484,0.8368353336440192,0.782238240965895,0.7066429693602381,0.01,128,mbv2,0,0.2,123,128,0.01,mbv2_bs128_lr1e-2_wd_0_dp_2e-1_seed_123,C:\Users\jakub\Documents\Magisterskie\DeepLearning\mobilenet\experiments\bs_nowe_2\experiments\mbv2_bs128_lr1e-2_wd_0_dp_2e-1_seed_123
16,0.6576770930608113,0.8186813290278117,0.7976211676710261,0.7164910707668919,0.01,128,mbv2,0,0.2,123,128,0.01,mbv2_bs128_lr1e-2_wd_0_dp_2e-1_seed_123,C:\Users\jakub\Documents\Magisterskie\DeepLearning\mobilenet\experiments\bs_nowe_2\experiments\mbv2_bs128_lr1e-2_wd_0_dp_2e-1_seed_123
17,0.6373938695112864,0.8093197578377194,0.8032519050196815,0.7179370779793933,0.01,128,mbv2,0,0.2,123,128,0.01,mbv2_bs128_lr1e-2_wd_0_dp_2e-1_seed_123,C:\Users\jakub\Documents\Magisterskie\DeepLearning\mobilenet\experiments\bs_nowe_2\experiments\mbv2_bs128_lr1e-2_wd_0_dp_2e-1_seed_123
18,0.6145136546876695,0.849347093714608,0.7867400411286021,0.7014700547059542,0.01,128,mbv2,0,0.2,123,128,0.01,mbv2_bs128_lr1e-2_wd_0_dp_2e-1_seed_123,C:\Users\jakub\Documents\Magisterskie\DeepLearning\mobilenet\experiments\bs_nowe_2\experiments\mbv2_bs128_lr1e-2_wd_0_dp_2e-1_seed_123
19,0.593067509206136,0.8367385679456922,0.8091817888767127,0.7100052031516073,0.01,128,mbv2,0,0.2,123,128,0.01,mbv2_bs128_lr1e-2_wd_0_dp_2e-1_seed_123,C:\Users\jakub\Documents\Magisterskie\DeepLearning\mobilenet\experiments\bs_nowe_2\experiments\mbv2_bs128_lr1e-2_wd_0_dp_2e-1_seed_123
20,0.5741838210529752,0.8218594509548611,0.8266392162223333,0.7185050459107765,0.01,128,mbv2,0,0.2,123,128,0.01,mbv2_bs128_lr1e-2_wd_0_dp_2e-1_seed_123,C:\Users\jakub\Documents\Magisterskie\DeepLearning\mobilenet\experiments\bs_nowe_2\experiments\mbv2_bs128_lr1e-2_wd_0_dp_2e-1_seed_123
21,0.553958578242196,0.8538629453765021,0.824395581088606,0.7143211573430299,0.01,128,mbv2,0,0.2,123,128,0.01,mbv2_bs128_lr1e-2_wd_0_dp_2e-1_seed_123,C:\Users\jakub\Documents\Magisterskie\DeepLearning\mobilenet\experiments\bs_nowe_2\experiments\mbv2_bs128_lr1e-2_wd_0_dp_2e-1_seed_123
22,0.5354597560246785,0.8675999960369534,0.8279428345302993,0.7095155611034863,0.01,128,mbv2,0,0.2,123,128,0.01,mbv2_bs128_lr1e-2_wd_0_dp_2e-1_seed_123,C:\Users\jakub\Documents\Magisterskie\DeepLearning\mobilenet\experiments\bs_nowe_2\experiments\mbv2_bs128_lr1e-2_wd_0_dp_2e-1_seed_123
23,0.5243007705900404,0.8353230498419868,0.8383439729817745,0.7173363411341663,0.01,128,mbv2,0,0.2,123,128,0.01,mbv2_bs128_lr1e-2_wd_0_dp_2e-1_seed_123,C:\Users\jakub\Documents\Magisterskie\DeepLearning\mobilenet\experiments\bs_nowe_2\experiments\mbv2_bs128_lr1e-2_wd_0_dp_2e-1_seed_123
24,0.5030877118004693,0.8547925149016911,0.8390435402422144,0.7118930008820026,0.01,128,mbv2,0,0.2,123,128,0.01,mbv2_bs128_lr1e-2_wd_0_dp_2e-1_seed_123,C:\Users\jakub\Documents\Magisterskie\DeepLearning\mobilenet\experiments\bs_nowe_2\experiments\mbv2_bs128_lr1e-2_wd_0_dp_2e-1_seed_123
25,0.4893393021795484,0.8506369311014811,0.8499504608599354,0.7164975875425155,0.01,128,mbv2,0,0.2,123,128,0.01,mbv2_bs128_lr1e-2_wd_0_dp_2e-1_seed_123,C:\Users\jakub\Documents\Magisterskie\DeepLearning\mobilenet\experiments\bs_nowe_2\experiments\mbv2_bs128_lr1e-2_wd_0_dp_2e-1_seed_123
0,1.96978753996955,1.8461158612357245,0.2516028398496084,0.2502663901261314,0.01,128,mbv2,0,0.2,2024,128,0.01,mbv2_bs128_lr1e-2_wd_0_dp_2e-1_seed_2024,C:\Users\jakub\Documents\Magisterskie\DeepLearning\mobilenet\experiments\bs_nowe_2\experiments\mbv2_bs128_lr1e-2_wd_0_dp_2e-1_seed_2024
1,1.755063101577759,1.6318923798878988,0.3762509872029446,0.3722572128924614,0.01,128,mbv2,0,0.2,2024,128,0.01,mbv2_bs128_lr1e-2_wd_0_dp_2e-1_seed_2024,C:\Users\jakub\Documents\Magisterskie\DeepLearning\mobilenet\experiments\bs_nowe_2\experiments\mbv2_bs128_lr1e-2_wd_0_dp_2e-1_seed_2024
2,1.4565352309968735,1.413503374841478,0.4703966726814894,0.4620205259830922,0.01,128,mbv2,0,0.2,2024,128,0.01,mbv2_bs128_lr1e-2_wd_0_dp_2e-1_seed_2024,C:\Users\jakub\Documents\Magisterskie\DeepLearning\mobilenet\experiments\bs_nowe_2\experiments\mbv2_bs128_lr1e-2_wd_0_dp_2e-1_seed_2024
3,1.2864809480879045,1.2447899905522664,0.5399708937561086,0.5276630161668715,0.01,128,mbv2,0,0.2,2024,128,0.01,mbv2_bs128_lr1e-2_wd_0_dp_2e-1_seed_2024,C:\Users\jakub\Documents\Magisterskie\DeepLearning\mobilenet\experiments\bs_nowe_2\experiments\mbv2_bs128_lr1e-2_wd_0_dp_2e-1_seed_2024
4,1.176877600892385,1.237695413822598,0.5615488078970955,0.5468563641191639,0.01,128,mbv2,0,0.2,2024,128,0.01,mbv2_bs128_lr1e-2_wd_0_dp_2e-1_seed_2024,C:\Users\jakub\Documents\Magisterskie\DeepLearning\mobilenet\experiments\bs_nowe_2\experiments\mbv2_bs128_lr1e-2_wd_0_dp_2e-1_seed_2024
5,1.1078383874257405,1.4049873646842108,0.5343183586768285,0.5213000538573824,0.01,128,mbv2,0,0.2,2024,128,0.01,mbv2_bs128_lr1e-2_wd_0_dp_2e-1_seed_2024,C:\Users\jakub\Documents\Magisterskie\DeepLearning\mobilenet\experiments\bs_nowe_2\experiments\mbv2_bs128_lr1e-2_wd_0_dp_2e-1_seed_2024
6,1.0530261306974622,1.1442268978966608,0.6107741856883833,0.5867245490657611,0.01,128,mbv2,0,0.2,2024,128,0.01,mbv2_bs128_lr1e-2_wd_0_dp_2e-1_seed_2024,C:\Users\jakub\Documents\Magisterskie\DeepLearning\mobilenet\experiments\bs_nowe_2\experiments\mbv2_bs128_lr1e-2_wd_0_dp_2e-1_seed_2024
7,0.9983824902852376,1.0559881630155776,0.6321176635076643,0.6060827631762821,0.01,128,mbv2,0,0.2,2024,128,0.01,mbv2_bs128_lr1e-2_wd_0_dp_2e-1_seed_2024,C:\Users\jakub\Documents\Magisterskie\DeepLearning\mobilenet\experiments\bs_nowe_2\experiments\mbv2_bs128_lr1e-2_wd_0_dp_2e-1_seed_2024
8,0.9473572355058458,1.043054417292277,0.6635679638613462,0.6308515106978313,0.01,128,mbv2,0,0.2,2024,128,0.01,mbv2_bs128_lr1e-2_wd_0_dp_2e-1_seed_2024,C:\Users\jakub\Documents\Magisterskie\DeepLearning\mobilenet\experiments\bs_nowe_2\experiments\mbv2_bs128_lr1e-2_wd_0_dp_2e-1_seed_2024
9,0.9023465430577596,0.9752253033743964,0.6770222509429569,0.645030471728912,0.01,128,mbv2,0,0.2,2024,128,0.01,mbv2_bs128_lr1e-2_wd_0_dp_2e-1_seed_2024,C:\Users\jakub\Documents\Magisterskie\DeepLearning\mobilenet\experiments\bs_nowe_2\experiments\mbv2_bs128_lr1e-2_wd_0_dp_2e-1_seed_2024
10,0.8637396317164103,0.933058240699768,0.7046399257964003,0.665666034882898,0.01,128,mbv2,0,0.2,2024,128,0.01,mbv2_bs128_lr1e-2_wd_0_dp_2e-1_seed_2024,C:\Users\jakub\Documents\Magisterskie\DeepLearning\mobilenet\experiments\bs_nowe_2\experiments\mbv2_bs128_lr1e-2_wd_0_dp_2e-1_seed_2024
11,0.8277080808851454,0.8722170770009359,0.7330485088521438,0.6887191293533544,0.01,128,mbv2,0,0.2,2024,128,0.01,mbv2_bs128_lr1e-2_wd_0_dp_2e-1_seed_2024,C:\Users\jakub\Documents\Magisterskie\DeepLearning\mobilenet\experiments\bs_nowe_2\experiments\mbv2_bs128_lr1e-2_wd_0_dp_2e-1_seed_2024
12,0.7953803659015232,0.8766187633885277,0.7257669403128045,0.6802560127467723,0.01,128,mbv2,0,0.2,2024,128,0.01,mbv2_bs128_lr1e-2_wd_0_dp_2e-1_seed_2024,C:\Users\jakub\Documents\Magisterskie\DeepLearning\mobilenet\experiments\bs_nowe_2\experiments\mbv2_bs128_lr1e-2_wd_0_dp_2e-1_seed_2024
13,0.7646264679061042,0.9078884558041892,0.727707676358404,0.6767804010727059,0.01,128,mbv2,0,0.2,2024,128,0.01,mbv2_bs128_lr1e-2_wd_0_dp_2e-1_seed_2024,C:\Users\jakub\Documents\Magisterskie\DeepLearning\mobilenet\experiments\bs_nowe_2\experiments\mbv2_bs128_lr1e-2_wd_0_dp_2e-1_seed_2024
14,0.7376845380571153,0.8481171751446194,0.7603912537238989,0.6991055931514201,0.01,128,mbv2,0,0.2,2024,128,0.01,mbv2_bs128_lr1e-2_wd_0_dp_2e-1_seed_2024,C:\Users\jakub\Documents\Magisterskie\DeepLearning\mobilenet\experiments\bs_nowe_2\experiments\mbv2_bs128_lr1e-2_wd_0_dp_2e-1_seed_2024
15,0.7115745871543885,0.867990470706092,0.7564740819597261,0.6967755179183095,0.01,128,mbv2,0,0.2,2024,128,0.01,mbv2_bs128_lr1e-2_wd_0_dp_2e-1_seed_2024,C:\Users\jakub\Documents\Magisterskie\DeepLearning\mobilenet\experiments\bs_nowe_2\experiments\mbv2_bs128_lr1e-2_wd_0_dp_2e-1_seed_2024
16,0.6861739583121406,0.8162698593563503,0.7823127610704703,0.7107414889654822,0.01,128,mbv2,0,0.2,2024,128,0.01,mbv2_bs128_lr1e-2_wd_0_dp_2e-1_seed_2024,C:\Users\jakub\Documents\Magisterskie\DeepLearning\mobilenet\experiments\bs_nowe_2\experiments\mbv2_bs128_lr1e-2_wd_0_dp_2e-1_seed_2024
17,0.6633376940833198,0.807695977973938,0.7950442441156066,0.7173981868612216,0.01,128,mbv2,0,0.2,2024,128,0.01,mbv2_bs128_lr1e-2_wd_0_dp_2e-1_seed_2024,C:\Users\jakub\Documents\Magisterskie\DeepLearning\mobilenet\experiments\bs_nowe_2\experiments\mbv2_bs128_lr1e-2_wd_0_dp_2e-1_seed_2024
18,0.6429463753382365,0.8270990496953329,0.7953872716187564,0.7167874117067192,0.01,128,mbv2,0,0.2,2024,128,0.01,mbv2_bs128_lr1e-2_wd_0_dp_2e-1_seed_2024,C:\Users\jakub\Documents\Magisterskie\DeepLearning\mobilenet\experiments\bs_nowe_2\experiments\mbv2_bs128_lr1e-2_wd_0_dp_2e-1_seed_2024
19,0.6240591166178385,0.819957852935791,0.8010909397305056,0.7151825315977357,0.01,128,mbv2,0,0.2,2024,128,0.01,mbv2_bs128_lr1e-2_wd_0_dp_2e-1_seed_2024,C:\Users\jakub\Documents\Magisterskie\DeepLearning\mobilenet\experiments\bs_nowe_2\experiments\mbv2_bs128_lr1e-2_wd_0_dp_2e-1_seed_2024
20,0.6048874496883816,0.8142182957755195,0.8110992021700767,0.7213434800694233,0.01,128,mbv2,0,0.2,2024,128,0.01,mbv2_bs128_lr1e-2_wd_0_dp_2e-1_seed_2024,C:\Users\jakub\Documents\Magisterskie\DeepLearning\mobilenet\experiments\bs_nowe_2\experiments\mbv2_bs128_lr1e-2_wd_0_dp_2e-1_seed_2024
21,0.5819197772026062,0.8589589203198751,0.8047761177192754,0.711854150461903,0.01,128,mbv2,0,0.2,2024,128,0.01,mbv2_bs128_lr1e-2_wd_0_dp_2e-1_seed_2024,C:\Users\jakub\Documents\Magisterskie\DeepLearning\mobilenet\experiments\bs_nowe_2\experiments\mbv2_bs128_lr1e-2_wd_0_dp_2e-1_seed_2024
22,0.5647295948664347,0.8054096442540487,0.8273121520818446,0.7231841118759537,0.01,128,mbv2,0,0.2,2024,128,0.01,mbv2_bs128_lr1e-2_wd_0_dp_2e-1_seed_2024,C:\Users\jakub\Documents\Magisterskie\DeepLearning\mobilenet\experiments\bs_nowe_2\experiments\mbv2_bs128_lr1e-2_wd_0_dp_2e-1_seed_2024
23,0.5491829586452908,0.8529794673389859,0.8171149806588908,0.7106226865198132,0.01,128,mbv2,0,0.2,2024,128,0.01,mbv2_bs128_lr1e-2_wd_0_dp_2e-1_seed_2024,C:\Users\jakub\Documents\Magisterskie\DeepLearning\mobilenet\experiments\bs_nowe_2\experiments\mbv2_bs128_lr1e-2_wd_0_dp_2e-1_seed_2024
24,0.5347188627031114,0.8092824783537123,0.8406810864346665,0.722139735472065,0.01,128,mbv2,0,0.2,2024,128,0.01,mbv2_bs128_lr1e-2_wd_0_dp_2e-1_seed_2024,C:\Users\jakub\Documents\Magisterskie\DeepLearning\mobilenet\experiments\bs_nowe_2\experiments\mbv2_bs128_lr1e-2_wd_0_dp_2e-1_seed_2024
25,0.5169527240223355,0.84270311027103,0.8372795229301702,0.7181772249033084,0.01,128,mbv2,0,0.2,2024,128,0.01,mbv2_bs128_lr1e-2_wd_0_dp_2e-1_seed_2024,C:\Users\jakub\Documents\Magisterskie\DeepLearning\mobilenet\experiments\bs_nowe_2\experiments\mbv2_bs128_lr1e-2_wd_0_dp_2e-1_seed_2024
0,1.7653952336205376,1.5985195608986749,0.4034207597413474,0.3995292656976631,0.01,128,mbv2,0,0.2,42,128,0.01,mbv2_bs128_lr1e-2_wd_0_dp_2e-1_seed_42,C:\Users\jakub\Documents\Magisterskie\DeepLearning\mobilenet\experiments\bs_nowe_2\experiments\mbv2_bs128_lr1e-2_wd_0_dp_2e-1_seed_42
1,1.4011684630499943,1.3439756056043837,0.5080748077001049,0.499650137469174,0.01,128,mbv2,0,0.2,42,128,0.01,mbv2_bs128_lr1e-2_wd_0_dp_2e-1_seed_42,C:\Users\jakub\Documents\Magisterskie\DeepLearning\mobilenet\experiments\bs_nowe_2\experiments\mbv2_bs128_lr1e-2_wd_0_dp_2e-1_seed_42
2,1.235079608959622,1.1837829516092937,0.5816267982112671,0.5644980533022821,0.01,128,mbv2,0,0.2,42,128,0.01,mbv2_bs128_lr1e-2_wd_0_dp_2e-1_seed_42,C:\Users\jakub\Documents\Magisterskie\DeepLearning\mobilenet\experiments\bs_nowe_2\experiments\mbv2_bs128_lr1e-2_wd_0_dp_2e-1_seed_42
3,1.1288371742884318,1.1729853844271765,0.5930957157121857,0.5738795095811035,0.01,128,mbv2,0,0.2,42,128,0.01,mbv2_bs128_lr1e-2_wd_0_dp_2e-1_seed_42,C:\Users\jakub\Documents\Magisterskie\DeepLearning\mobilenet\experiments\bs_nowe_2\experiments\mbv2_bs128_lr1e-2_wd_0_dp_2e-1_seed_42
4,1.0589183864805434,1.1665456478542753,0.6010310845258384,0.5783821571828912,0.01,128,mbv2,0,0.2,42,128,0.01,mbv2_bs128_lr1e-2_wd_0_dp_2e-1_seed_42,C:\Users\jakub\Documents\Magisterskie\DeepLearning\mobilenet\experiments\bs_nowe_2\experiments\mbv2_bs128_lr1e-2_wd_0_dp_2e-1_seed_42
5,0.992378406270345,1.123381725226508,0.620755566702178,0.5942706676043689,0.01,128,mbv2,0,0.2,42,128,0.01,mbv2_bs128_lr1e-2_wd_0_dp_2e-1_seed_42,C:\Users\jakub\Documents\Magisterskie\DeepLearning\mobilenet\experiments\bs_nowe_2\experiments\mbv2_bs128_lr1e-2_wd_0_dp_2e-1_seed_42
6,0.9446385272767808,0.9764647760285272,0.6841537609644021,0.6520964979479305,0.01,128,mbv2,0,0.2,42,128,0.01,mbv2_bs128_lr1e-2_wd_0_dp_2e-1_seed_42,C:\Users\jakub\Documents\Magisterskie\DeepLearning\mobilenet\experiments\bs_nowe_2\experiments\mbv2_bs128_lr1e-2_wd_0_dp_2e-1_seed_42
7,0.8922232256147596,0.9191737118615044,0.7086180628143359,0.6695300312480812,0.01,128,mbv2,0,0.2,42,128,0.01,mbv2_bs128_lr1e-2_wd_0_dp_2e-1_seed_42,C:\Users\jakub\Documents\Magisterskie\DeepLearning\mobilenet\experiments\bs_nowe_2\experiments\mbv2_bs128_lr1e-2_wd_0_dp_2e-1_seed_42
8,0.8588402691099378,0.9880286881897185,0.682315982953064,0.6435872100500576,0.01,128,mbv2,0,0.2,42,128,0.01,mbv2_bs128_lr1e-2_wd_0_dp_2e-1_seed_42,C:\Users\jakub\Documents\Magisterskie\DeepLearning\mobilenet\experiments\bs_nowe_2\experiments\mbv2_bs128_lr1e-2_wd_0_dp_2e-1_seed_42
9,0.8213778908835517,0.9683448195404476,0.7074845554216407,0.663790320854592,0.01,128,mbv2,0,0.2,42,128,0.01,mbv2_bs128_lr1e-2_wd_0_dp_2e-1_seed_42,C:\Users\jakub\Documents\Magisterskie\DeepLearning\mobilenet\experiments\bs_nowe_2\experiments\mbv2_bs128_lr1e-2_wd_0_dp_2e-1_seed_42
10,0.7903741798824734,0.8548615676561991,0.7440926982935141,0.6940401736502464,0.01,128,mbv2,0,0.2,42,128,0.01,mbv2_bs128_lr1e-2_wd_0_dp_2e-1_seed_42,C:\Users\jakub\Documents\Magisterskie\DeepLearning\mobilenet\experiments\bs_nowe_2\experiments\mbv2_bs128_lr1e-2_wd_0_dp_2e-1_seed_42
11,0.7625358435312907,0.8737411765840318,0.7475636751821434,0.6895755863550367,0.01,128,mbv2,0,0.2,42,128,0.01,mbv2_bs128_lr1e-2_wd_0_dp_2e-1_seed_42,C:\Users\jakub\Documents\Magisterskie\DeepLearning\mobilenet\experiments\bs_nowe_2\experiments\mbv2_bs128_lr1e-2_wd_0_dp_2e-1_seed_42
12,0.7287228226555719,0.8359158662584093,0.7682004608855827,0.7051727488145395,0.01,128,mbv2,0,0.2,42,128,0.01,mbv2_bs128_lr1e-2_wd_0_dp_2e-1_seed_42,C:\Users\jakub\Documents\Magisterskie\DeepLearning\mobilenet\experiments\bs_nowe_2\experiments\mbv2_bs128_lr1e-2_wd_0_dp_2e-1_seed_42
13,0.7076157969156901,0.8225947903633117,0.7762814997584189,0.7083630934972801,0.01,128,mbv2,0,0.2,42,128,0.01,mbv2_bs128_lr1e-2_wd_0_dp_2e-1_seed_42,C:\Users\jakub\Documents\Magisterskie\DeepLearning\mobilenet\experiments\bs_nowe_2\experiments\mbv2_bs128_lr1e-2_wd_0_dp_2e-1_seed_42
14,0.6777913069407145,0.8471032091882493,0.7770283412060114,0.7085795460599014,0.01,128,mbv2,0,0.2,42,128,0.01,mbv2_bs128_lr1e-2_wd_0_dp_2e-1_seed_42,C:\Users\jakub\Documents\Magisterskie\DeepLearning\mobilenet\experiments\bs_nowe_2\experiments\mbv2_bs128_lr1e-2_wd_0_dp_2e-1_seed_42
15,0.6573753941218058,0.8216638455179003,0.7892344235668706,0.7102517626846128,0.01,128,mbv2,0,0.2,42,128,0.01,mbv2_bs128_lr1e-2_wd_0_dp_2e-1_seed_42,C:\Users\jakub\Documents\Magisterskie\DeepLearning\mobilenet\experiments\bs_nowe_2\experiments\mbv2_bs128_lr1e-2_wd_0_dp_2e-1_seed_42
16,0.6282150911755032,0.8313770775053236,0.790231105655556,0.704483908653502,0.01,128,mbv2,0,0.2,42,128,0.01,mbv2_bs128_lr1e-2_wd_0_dp_2e-1_seed_42,C:\Users\jakub\Documents\Magisterskie\DeepLearning\mobilenet\experiments\bs_nowe_2\experiments\mbv2_bs128_lr1e-2_wd_0_dp_2e-1_seed_42
17,0.6107600178082784,0.8224197242101033,0.8143558869687618,0.722359926048308,0.01,128,mbv2,0,0.2,42,128,0.01,mbv2_bs128_lr1e-2_wd_0_dp_2e-1_seed_42,C:\Users\jakub\Documents\Magisterskie\DeepLearning\mobilenet\experiments\bs_nowe_2\experiments\mbv2_bs128_lr1e-2_wd_0_dp_2e-1_seed_42
18,0.5867824197133382,0.8385147358258566,0.8013493771588734,0.7118087845634572,0.01,128,mbv2,0,0.2,42,128,0.01,mbv2_bs128_lr1e-2_wd_0_dp_2e-1_seed_42,C:\Users\jakub\Documents\Magisterskie\DeepLearning\mobilenet\experiments\bs_nowe_2\experiments\mbv2_bs128_lr1e-2_wd_0_dp_2e-1_seed_42
19,0.5690044583850437,0.8251790164205763,0.8193709236524358,0.7163131601310968,0.01,128,mbv2,0,0.2,42,128,0.01,mbv2_bs128_lr1e-2_wd_0_dp_2e-1_seed_42,C:\Users\jakub\Documents\Magisterskie\DeepLearning\mobilenet\experiments\bs_nowe_2\experiments\mbv2_bs128_lr1e-2_wd_0_dp_2e-1_seed_42
20,0.5472631239361233,0.8278915689786275,0.8264818766326505,0.716810486759162,0.01,128,mbv2,0,0.2,42,128,0.01,mbv2_bs128_lr1e-2_wd_0_dp_2e-1_seed_42,C:\Users\jakub\Documents\Magisterskie\DeepLearning\mobilenet\experiments\bs_nowe_2\experiments\mbv2_bs128_lr1e-2_wd_0_dp_2e-1_seed_42
21,0.5343743949678209,0.8401943097326491,0.8326905868422545,0.7174333778757729,0.01,128,mbv2,0,0.2,42,128,0.01,mbv2_bs128_lr1e-2_wd_0_dp_2e-1_seed_42,C:\Users\jakub\Documents\Magisterskie\DeepLearning\mobilenet\experiments\bs_nowe_2\experiments\mbv2_bs128_lr1e-2_wd_0_dp_2e-1_seed_42
22,0.510623880396949,0.8773530645635393,0.8371784982755026,0.7126121272340453,0.01,128,mbv2,0,0.2,42,128,0.01,mbv2_bs128_lr1e-2_wd_0_dp_2e-1_seed_42,C:\Users\jakub\Documents\Magisterskie\DeepLearning\mobilenet\experiments\bs_nowe_2\experiments\mbv2_bs128_lr1e-2_wd_0_dp_2e-1_seed_42
23,0.4938412095599704,0.8789172030766805,0.8344096990668366,0.7083061595529749,0.01,128,mbv2,0,0.2,42,128,0.01,mbv2_bs128_lr1e-2_wd_0_dp_2e-1_seed_42,C:\Users\jakub\Documents\Magisterskie\DeepLearning\mobilenet\experiments\bs_nowe_2\experiments\mbv2_bs128_lr1e-2_wd_0_dp_2e-1_seed_42
24,0.4792553993860881,0.8781949222829607,0.853118119317376,0.7212979382327604,0.01,128,mbv2,0,0.2,42,128,0.01,mbv2_bs128_lr1e-2_wd_0_dp_2e-1_seed_42,C:\Users\jakub\Documents\Magisterskie\DeepLearning\mobilenet\experiments\bs_nowe_2\experiments\mbv2_bs128_lr1e-2_wd_0_dp_2e-1_seed_42
25,0.4576243387858072,0.8526014320691426,0.860394224586346,0.718703605409645,0.01,128,mbv2,0,0.2,42,128,0.01,mbv2_bs128_lr1e-2_wd_0_dp_2e-1_seed_42,C:\Users\jakub\Documents\Magisterskie\DeepLearning\mobilenet\experiments\bs_nowe_2\experiments\mbv2_bs128_lr1e-2_wd_0_dp_2e-1_seed_42
0,1.730721353869968,1.576354751502143,0.4052157049308357,0.3975305917627733,0.01,128,mbv2,0,0.2,7,128,0.01,mbv2_bs128_lr1e-2_wd_0_dp_2e-1_seed_7,C:\Users\jakub\Documents\Magisterskie\DeepLearning\mobilenet\experiments\bs_nowe_2\experiments\mbv2_bs128_lr1e-2_wd_0_dp_2e-1_seed_7
1,1.3623469172583689,1.295489291466607,0.5265745100261877,0.5154843659382939,0.01,128,mbv2,0,0.2,7,128,0.01,mbv2_bs128_lr1e-2_wd_0_dp_2e-1_seed_7,C:\Users\jakub\Documents\Magisterskie\DeepLearning\mobilenet\experiments\bs_nowe_2\experiments\mbv2_bs128_lr1e-2_wd_0_dp_2e-1_seed_7
2,1.2144396196365357,1.2097863082143996,0.594038894927465,0.5768104792917289,0.01,128,mbv2,0,0.2,7,128,0.01,mbv2_bs128_lr1e-2_wd_0_dp_2e-1_seed_7,C:\Users\jakub\Documents\Magisterskie\DeepLearning\mobilenet\experiments\bs_nowe_2\experiments\mbv2_bs128_lr1e-2_wd_0_dp_2e-1_seed_7
3,1.1131375903659395,1.2636735850228205,0.5575696793993562,0.5419375130901687,0.01,128,mbv2,0,0.2,7,128,0.01,mbv2_bs128_lr1e-2_wd_0_dp_2e-1_seed_7,C:\Users\jakub\Documents\Magisterskie\DeepLearning\mobilenet\experiments\bs_nowe_2\experiments\mbv2_bs128_lr1e-2_wd_0_dp_2e-1_seed_7
4,1.048206503391266,1.095118322552575,0.6350776135124307,0.6092038071598903,0.01,128,mbv2,0,0.2,7,128,0.01,mbv2_bs128_lr1e-2_wd_0_dp_2e-1_seed_7,C:\Users\jakub\Documents\Magisterskie\DeepLearning\mobilenet\experiments\bs_nowe_2\experiments\mbv2_bs128_lr1e-2_wd_0_dp_2e-1_seed_7
5,0.9944986710654364,1.0507498815218608,0.6472675285157574,0.6213761260181562,0.01,128,mbv2,0,0.2,7,128,0.01,mbv2_bs128_lr1e-2_wd_0_dp_2e-1_seed_7,C:\Users\jakub\Documents\Magisterskie\DeepLearning\mobilenet\experiments\bs_nowe_2\experiments\mbv2_bs128_lr1e-2_wd_0_dp_2e-1_seed_7
6,0.9467090055571662,0.9882090070300632,0.6730318200313573,0.6424850912754729,0.01,128,mbv2,0,0.2,7,128,0.01,mbv2_bs128_lr1e-2_wd_0_dp_2e-1_seed_7,C:\Users\jakub\Documents\Magisterskie\DeepLearning\mobilenet\experiments\bs_nowe_2\experiments\mbv2_bs128_lr1e-2_wd_0_dp_2e-1_seed_7
7,0.907917524210612,0.9309168420738644,0.7043202473237622,0.6673727766780235,0.01,128,mbv2,0,0.2,7,128,0.01,mbv2_bs128_lr1e-2_wd_0_dp_2e-1_seed_7,C:\Users\jakub\Documents\Magisterskie\DeepLearning\mobilenet\experiments\bs_nowe_2\experiments\mbv2_bs128_lr1e-2_wd_0_dp_2e-1_seed_7
8,0.8640513586468167,0.9315691599316068,0.70916278769906,0.6653591975754992,0.01,128,mbv2,0,0.2,7,128,0.01,mbv2_bs128_lr1e-2_wd_0_dp_2e-1_seed_7,C:\Users\jakub\Documents\Magisterskie\DeepLearning\mobilenet\experiments\bs_nowe_2\experiments\mbv2_bs128_lr1e-2_wd_0_dp_2e-1_seed_7
9,0.8267228538089328,0.9438812031004165,0.7085786801629264,0.6625842303886779,0.01,128,mbv2,0,0.2,7,128,0.01,mbv2_bs128_lr1e-2_wd_0_dp_2e-1_seed_7,C:\Users\jakub\Documents\Magisterskie\DeepLearning\mobilenet\experiments\bs_nowe_2\experiments\mbv2_bs128_lr1e-2_wd_0_dp_2e-1_seed_7
10,0.7977400212923685,0.9170672152413262,0.720791747005715,0.6751095602688044,0.01,128,mbv2,0,0.2,7,128,0.01,mbv2_bs128_lr1e-2_wd_0_dp_2e-1_seed_7,C:\Users\jakub\Documents\Magisterskie\DeepLearning\mobilenet\experiments\bs_nowe_2\experiments\mbv2_bs128_lr1e-2_wd_0_dp_2e-1_seed_7
11,0.7651947391933865,0.919461265680525,0.7289575222952348,0.6766370093595195,0.01,128,mbv2,0,0.2,7,128,0.01,mbv2_bs128_lr1e-2_wd_0_dp_2e-1_seed_7,C:\Users\jakub\Documents\Magisterskie\DeepLearning\mobilenet\experiments\bs_nowe_2\experiments\mbv2_bs128_lr1e-2_wd_0_dp_2e-1_seed_7
12,0.7347929458618164,0.9866588826815288,0.7083276894445594,0.656920136575845,0.01,128,mbv2,0,0.2,7,128,0.01,mbv2_bs128_lr1e-2_wd_0_dp_2e-1_seed_7,C:\Users\jakub\Documents\Magisterskie\DeepLearning\mobilenet\experiments\bs_nowe_2\experiments\mbv2_bs128_lr1e-2_wd_0_dp_2e-1_seed_7
13,0.7820893541759915,0.8407969984690349,0.767073206110347,0.7028986645731282,0.01,128,mbv2,0,0.2,7,128,0.01,mbv2_bs128_lr1e-2_wd_0_dp_2e-1_seed_7,C:\Users\jakub\Documents\Magisterskie\DeepLearning\mobilenet\experiments\bs_nowe_2\experiments\mbv2_bs128_lr1e-2_wd_0_dp_2e-1_seed_7
14,0.6893580079926385,0.8306851728015476,0.7729763689584376,0.7037580118808439,0.01,128,mbv2,0,0.2,7,128,0.01,mbv2_bs128_lr1e-2_wd_0_dp_2e-1_seed_7,C:\Users\jakub\Documents\Magisterskie\DeepLearning\mobilenet\experiments\bs_nowe_2\experiments\mbv2_bs128_lr1e-2_wd_0_dp_2e-1_seed_7
15,0.6638627738528782,0.835550572374132,0.7835471497798566,0.7099166189916074,0.01,128,mbv2,0,0.2,7,128,0.01,mbv2_bs128_lr1e-2_wd_0_dp_2e-1_seed_7,C:\Users\jakub\Documents\Magisterskie\DeepLearning\mobilenet\experiments\bs_nowe_2\experiments\mbv2_bs128_lr1e-2_wd_0_dp_2e-1_seed_7
16,0.6347114239798651,0.816915899626414,0.8049850372949363,0.7194549870838596,0.01,128,mbv2,0,0.2,7,128,0.01,mbv2_bs128_lr1e-2_wd_0_dp_2e-1_seed_7,C:\Users\jakub\Documents\Magisterskie\DeepLearning\mobilenet\experiments\bs_nowe_2\experiments\mbv2_bs128_lr1e-2_wd_0_dp_2e-1_seed_7
17,0.6161545383241441,0.8455256136841244,0.796906816654971,0.7081110400997899,0.01,128,mbv2,0,0.2,7,128,0.01,mbv2_bs128_lr1e-2_wd_0_dp_2e-1_seed_7,C:\Users\jakub\Documents\Magisterskie\DeepLearning\mobilenet\experiments\bs_nowe_2\experiments\mbv2_bs128_lr1e-2_wd_0_dp_2e-1_seed_7
18,0.5920938733842638,0.8340189158969455,0.8127343684367521,0.7202642336803299,0.01,128,mbv2,0,0.2,7,128,0.01,mbv2_bs128_lr1e-2_wd_0_dp_2e-1_seed_7,C:\Users\jakub\Documents\Magisterskie\DeepLearning\mobilenet\experiments\bs_nowe_2\experiments\mbv2_bs128_lr1e-2_wd_0_dp_2e-1_seed_7
19,0.5699504931555854,0.8051144515991211,0.8300710712449408,0.7259752811629965,0.01,128,mbv2,0,0.2,7,128,0.01,mbv2_bs128_lr1e-2_wd_0_dp_2e-1_seed_7,C:\Users\jakub\Documents\Magisterskie\DeepLearning\mobilenet\experiments\bs_nowe_2\experiments\mbv2_bs128_lr1e-2_wd_0_dp_2e-1_seed_7
20,0.553867301856147,0.8566237340397305,0.8227721193080029,0.7179635539008007,0.01,128,mbv2,0,0.2,7,128,0.01,mbv2_bs128_lr1e-2_wd_0_dp_2e-1_seed_7,C:\Users\jakub\Documents\Magisterskie\DeepLearning\mobilenet\experiments\bs_nowe_2\experiments\mbv2_bs128_lr1e-2_wd_0_dp_2e-1_seed_7
21,0.5387548025978937,0.834773096730974,0.8317001905888397,0.7212609873423306,0.01,128,mbv2,0,0.2,7,128,0.01,mbv2_bs128_lr1e-2_wd_0_dp_2e-1_seed_7,C:\Users\jakub\Documents\Magisterskie\DeepLearning\mobilenet\experiments\bs_nowe_2\experiments\mbv2_bs128_lr1e-2_wd_0_dp_2e-1_seed_7
22,0.5164566528532241,0.8252674391640558,0.8473152276132179,0.727118265479573,0.01,128,mbv2,0,0.2,7,128,0.01,mbv2_bs128_lr1e-2_wd_0_dp_2e-1_seed_7,C:\Users\jakub\Documents\Magisterskie\DeepLearning\mobilenet\experiments\bs_nowe_2\experiments\mbv2_bs128_lr1e-2_wd_0_dp_2e-1_seed_7
23,0.5032310034010146,0.8719035186184777,0.8348460319950191,0.7165435047432447,0.01,128,mbv2,0,0.2,7,128,0.01,mbv2_bs128_lr1e-2_wd_0_dp_2e-1_seed_7,C:\Users\jakub\Documents\Magisterskie\DeepLearning\mobilenet\experiments\bs_nowe_2\experiments\mbv2_bs128_lr1e-2_wd_0_dp_2e-1_seed_7
24,0.4848958431667752,0.9706857870737712,0.8235869806602916,0.7045090830386347,0.01,128,mbv2,0,0.2,7,128,0.01,mbv2_bs128_lr1e-2_wd_0_dp_2e-1_seed_7,C:\Users\jakub\Documents\Magisterskie\DeepLearning\mobilenet\experiments\bs_nowe_2\experiments\mbv2_bs128_lr1e-2_wd_0_dp_2e-1_seed_7
25,0.5240364289389716,0.813378060245514,0.8610053355223648,0.7299501182040972,0.01,128,mbv2,0,0.2,7,128,0.01,mbv2_bs128_lr1e-2_wd_0_dp_2e-1_seed_7,C:\Users\jakub\Documents\Magisterskie\DeepLearning\mobilenet\experiments\bs_nowe_2\experiments\mbv2_bs128_lr1e-2_wd_0_dp_2e-1_seed_7
0,1.7583161894056532,1.4707929412841796,0.4498665490794715,0.4425167912121105,0.01,128,mbv2,0,0.2,999,128,0.01,mbv2_bs128_lr1e-2_wd_0_dp_2e-1_seed_999,C:\Users\jakub\Documents\Magisterskie\DeepLearning\mobilenet\experiments\bs_nowe_2\experiments\mbv2_bs128_lr1e-2_wd_0_dp_2e-1_seed_999
1,1.3546566120147705,1.3711042866282992,0.4967037339937999,0.4877345753887219,0.01,128,mbv2,0,0.2,999,128,0.01,mbv2_bs128_lr1e-2_wd_0_dp_2e-1_seed_999,C:\Users\jakub\Documents\Magisterskie\DeepLearning\mobilenet\experiments\bs_nowe_2\experiments\mbv2_bs128_lr1e-2_wd_0_dp_2e-1_seed_999
2,1.2048666477627223,1.2722397393544516,0.535927244642599,0.5238665161380405,0.01,128,mbv2,0,0.2,999,128,0.01,mbv2_bs128_lr1e-2_wd_0_dp_2e-1_seed_999,C:\Users\jakub\Documents\Magisterskie\DeepLearning\mobilenet\experiments\bs_nowe_2\experiments\mbv2_bs128_lr1e-2_wd_0_dp_2e-1_seed_999
3,1.106601404147678,1.157647831047906,0.596521009308638,0.5777441025282515,0.01,128,mbv2,0,0.2,999,128,0.01,mbv2_bs128_lr1e-2_wd_0_dp_2e-1_seed_999,C:\Users\jakub\Documents\Magisterskie\DeepLearning\mobilenet\experiments\bs_nowe_2\experiments\mbv2_bs128_lr1e-2_wd_0_dp_2e-1_seed_999
4,1.032481813261244,1.1274117982387544,0.614711587774274,0.5944167758631116,0.01,128,mbv2,0,0.2,999,128,0.01,mbv2_bs128_lr1e-2_wd_0_dp_2e-1_seed_999,C:\Users\jakub\Documents\Magisterskie\DeepLearning\mobilenet\experiments\bs_nowe_2\experiments\mbv2_bs128_lr1e-2_wd_0_dp_2e-1_seed_999
5,0.972054091029697,1.045583384905921,0.6521899424488697,0.6268128546808744,0.01,128,mbv2,0,0.2,999,128,0.01,mbv2_bs128_lr1e-2_wd_0_dp_2e-1_seed_999,C:\Users\jakub\Documents\Magisterskie\DeepLearning\mobilenet\experiments\bs_nowe_2\experiments\mbv2_bs128_lr1e-2_wd_0_dp_2e-1_seed_999
6,0.92558429590861,1.0006073284043209,0.6611261455224273,0.633238864505928,0.01,128,mbv2,0,0.2,999,128,0.01,mbv2_bs128_lr1e-2_wd_0_dp_2e-1_seed_999,C:\Users\jakub\Documents\Magisterskie\DeepLearning\mobilenet\experiments\bs_nowe_2\experiments\mbv2_bs128_lr1e-2_wd_0_dp_2e-1_seed_999
7,0.8765658281326294,1.0431754572497474,0.6670374965690737,0.6327660563716215,0.01,128,mbv2,0,0.2,999,128,0.01,mbv2_bs128_lr1e-2_wd_0_dp_2e-1_seed_999,C:\Users\jakub\Documents\Magisterskie\DeepLearning\mobilenet\experiments\bs_nowe_2\experiments\mbv2_bs128_lr1e-2_wd_0_dp_2e-1_seed_999
8,0.8420489273071289,0.9187503044022454,0.7152055201735261,0.6760954279464174,0.01,128,mbv2,0,0.2,999,128,0.01,mbv2_bs128_lr1e-2_wd_0_dp_2e-1_seed_999,C:\Users\jakub\Documents\Magisterskie\DeepLearning\mobilenet\experiments\bs_nowe_2\experiments\mbv2_bs128_lr1e-2_wd_0_dp_2e-1_seed_999
9,0.8071665804968939,0.934825293138292,0.7123921061380238,0.6704120567880432,0.01,128,mbv2,0,0.2,999,128,0.01,mbv2_bs128_lr1e-2_wd_0_dp_2e-1_seed_999,C:\Users\jakub\Documents\Magisterskie\DeepLearning\mobilenet\experiments\bs_nowe_2\experiments\mbv2_bs128_lr1e-2_wd_0_dp_2e-1_seed_999
10,0.7712288015577529,0.8895976097901662,0.7329734780600471,0.684524273188089,0.01,128,mbv2,0,0.2,999,128,0.01,mbv2_bs128_lr1e-2_wd_0_dp_2e-1_seed_999,C:\Users\jakub\Documents\Magisterskie\DeepLearning\mobilenet\experiments\bs_nowe_2\experiments\mbv2_bs128_lr1e-2_wd_0_dp_2e-1_seed_999
11,0.7423133362929026,0.8606113137774998,0.7562248045330634,0.6992068998928826,0.01,128,mbv2,0,0.2,999,128,0.01,mbv2_bs128_lr1e-2_wd_0_dp_2e-1_seed_999,C:\Users\jakub\Documents\Magisterskie\DeepLearning\mobilenet\experiments\bs_nowe_2\experiments\mbv2_bs128_lr1e-2_wd_0_dp_2e-1_seed_999
12,0.7118505585670472,0.8417058011160956,0.7633669646027121,0.70180271832543,0.01,128,mbv2,0,0.2,999,128,0.01,mbv2_bs128_lr1e-2_wd_0_dp_2e-1_seed_999,C:\Users\jakub\Documents\Magisterskie\DeepLearning\mobilenet\experiments\bs_nowe_2\experiments\mbv2_bs128_lr1e-2_wd_0_dp_2e-1_seed_999
13,0.6855814128451877,0.818020212703281,0.7818446364832751,0.7132951870706651,0.01,128,mbv2,0,0.2,999,128,0.01,mbv2_bs128_lr1e-2_wd_0_dp_2e-1_seed_999,C:\Users\jakub\Documents\Magisterskie\DeepLearning\mobilenet\experiments\bs_nowe_2\experiments\mbv2_bs128_lr1e-2_wd_0_dp_2e-1_seed_999
14,0.6637368532180786,0.7931840842035082,0.7925883482367021,0.7204096245699902,0.01,128,mbv2,0,0.2,999,128,0.01,mbv2_bs128_lr1e-2_wd_0_dp_2e-1_seed_999,C:\Users\jakub\Documents\Magisterskie\DeepLearning\mobilenet\experiments\bs_nowe_2\experiments\mbv2_bs128_lr1e-2_wd_0_dp_2e-1_seed_999
15,0.6385799975819058,0.8089086108313667,0.7993644065669181,0.7196311253106451,0.01,128,mbv2,0,0.2,999,128,0.01,mbv2_bs128_lr1e-2_wd_0_dp_2e-1_seed_999,C:\Users\jakub\Documents\Magisterskie\DeepLearning\mobilenet\experiments\bs_nowe_2\experiments\mbv2_bs128_lr1e-2_wd_0_dp_2e-1_seed_999
16,0.6150960417429606,0.8190531554434034,0.8039134065116865,0.7187295844835733,0.01,128,mbv2,0,0.2,999,128,0.01,mbv2_bs128_lr1e-2_wd_0_dp_2e-1_seed_999,C:\Users\jakub\Documents\Magisterskie\DeepLearning\mobilenet\experiments\bs_nowe_2\experiments\mbv2_bs128_lr1e-2_wd_0_dp_2e-1_seed_999
17,0.5962058219273885,0.8099819930765364,0.8178695615541816,0.7207405145326953,0.01,128,mbv2,0,0.2,999,128,0.01,mbv2_bs128_lr1e-2_wd_0_dp_2e-1_seed_999,C:\Users\jakub\Documents\Magisterskie\DeepLearning\mobilenet\experiments\bs_nowe_2\experiments\mbv2_bs128_lr1e-2_wd_0_dp_2e-1_seed_999
18,0.5719983300844829,0.8383138742764791,0.8116514375393038,0.7136992492538878,0.01,128,mbv2,0,0.2,999,128,0.01,mbv2_bs128_lr1e-2_wd_0_dp_2e-1_seed_999,C:\Users\jakub\Documents\Magisterskie\DeepLearning\mobilenet\experiments\bs_nowe_2\experiments\mbv2_bs128_lr1e-2_wd_0_dp_2e-1_seed_999
19,0.5574165330251057,0.8292352502716912,0.8250345318682075,0.7242179010800724,0.01,128,mbv2,0,0.2,999,128,0.01,mbv2_bs128_lr1e-2_wd_0_dp_2e-1_seed_999,C:\Users\jakub\Documents\Magisterskie\DeepLearning\mobilenet\experiments\bs_nowe_2\experiments\mbv2_bs128_lr1e-2_wd_0_dp_2e-1_seed_999
20,0.5354245699988471,0.8165755588531494,0.8369159493589869,0.7275478775693127,0.01,128,mbv2,0,0.2,999,128,0.01,mbv2_bs128_lr1e-2_wd_0_dp_2e-1_seed_999,C:\Users\jakub\Documents\Magisterskie\DeepLearning\mobilenet\experiments\bs_nowe_2\experiments\mbv2_bs128_lr1e-2_wd_0_dp_2e-1_seed_999
21,0.5146329294575586,0.8397720874044631,0.8417230445788647,0.7238227173325527,0.01,128,mbv2,0,0.2,999,128,0.01,mbv2_bs128_lr1e-2_wd_0_dp_2e-1_seed_999,C:\Users\jakub\Documents\Magisterskie\DeepLearning\mobilenet\experiments\bs_nowe_2\experiments\mbv2_bs128_lr1e-2_wd_0_dp_2e-1_seed_999
22,0.4993966528786553,0.8212648074944814,0.8436670649490761,0.7192985709036057,0.01,128,mbv2,0,0.2,999,128,0.01,mbv2_bs128_lr1e-2_wd_0_dp_2e-1_seed_999,C:\Users\jakub\Documents\Magisterskie\DeepLearning\mobilenet\experiments\bs_nowe_2\experiments\mbv2_bs128_lr1e-2_wd_0_dp_2e-1_seed_999
23,0.4836701471328735,0.8426627308103773,0.8550964690071094,0.7270154868666846,0.01,128,mbv2,0,0.2,999,128,0.01,mbv2_bs128_lr1e-2_wd_0_dp_2e-1_seed_999,C:\Users\jakub\Documents\Magisterskie\DeepLearning\mobilenet\experiments\bs_nowe_2\experiments\mbv2_bs128_lr1e-2_wd_0_dp_2e-1_seed_999
24,0.4664252559396956,0.836651934115092,0.8716913691325198,0.7333826939645015,0.01,128,mbv2,0,0.2,999,128,0.01,mbv2_bs128_lr1e-2_wd_0_dp_2e-1_seed_999,C:\Users\jakub\Documents\Magisterskie\DeepLearning\mobilenet\experiments\bs_nowe_2\experiments\mbv2_bs128_lr1e-2_wd_0_dp_2e-1_seed_999
25,0.4454944130261739,0.8323666150516934,0.8696278068264919,0.7260420223629775,0.01,128,mbv2,0,0.2,999,128,0.01,mbv2_bs128_lr1e-2_wd_0_dp_2e-1_seed_999,C:\Users\jakub\Documents\Magisterskie\DeepLearning\mobilenet\experiments\bs_nowe_2\experiments\mbv2_bs128_lr1e-2_wd_0_dp_2e-1_seed_999
0,1.866219428062439,1.655287166765001,0.3383120498693467,0.3362399505534623,0.01,32,mbv2,0,0.2,123,32,0.01,mbv2_bs32_lr1e-2_wd_0_dp_2e-1_seed_123,C:\Users\jakub\Documents\Magisterskie\DeepLearning\mobilenet\experiments\bs_nowe_2\experiments\mbv2_bs32_lr1e-2_wd_0_dp_2e-1_seed_123
1,1.4958820096333822,1.4398948347409566,0.4447723040948896,0.4413308345735105,0.01,32,mbv2,0,0.2,123,32,0.01,mbv2_bs32_lr1e-2_wd_0_dp_2e-1_seed_123,C:\Users\jakub\Documents\Magisterskie\DeepLearning\mobilenet\experiments\bs_nowe_2\experiments\mbv2_bs32_lr1e-2_wd_0_dp_2e-1_seed_123
2,1.3343195313983494,1.229046816253662,0.5568998349178129,0.5438234385037706,0.01,32,mbv2,0,0.2,123,32,0.01,mbv2_bs32_lr1e-2_wd_0_dp_2e-1_seed_123,C:\Users\jakub\Documents\Magisterskie\DeepLearning\mobilenet\experiments\bs_nowe_2\experiments\mbv2_bs32_lr1e-2_wd_0_dp_2e-1_seed_123
3,1.2340109218597413,1.191678628693687,0.5762527093904908,0.5674712055494673,0.01,32,mbv2,0,0.2,123,32,0.01,mbv2_bs32_lr1e-2_wd_0_dp_2e-1_seed_123,C:\Users\jakub\Documents\Magisterskie\DeepLearning\mobilenet\experiments\bs_nowe_2\experiments\mbv2_bs32_lr1e-2_wd_0_dp_2e-1_seed_123
4,1.163482210583157,1.1351336317512724,0.6075346690638874,0.591890674096818,0.01,32,mbv2,0,0.2,123,32,0.01,mbv2_bs32_lr1e-2_wd_0_dp_2e-1_seed_123,C:\Users\jakub\Documents\Magisterskie\DeepLearning\mobilenet\experiments\bs_nowe_2\experiments\mbv2_bs32_lr1e-2_wd_0_dp_2e-1_seed_123
5,1.108601826985677,1.0622895324865975,0.6329525116797577,0.612567301783856,0.01,32,mbv2,0,0.2,123,32,0.01,mbv2_bs32_lr1e-2_wd_0_dp_2e-1_seed_123,C:\Users\jakub\Documents\Magisterskie\DeepLearning\mobilenet\experiments\bs_nowe_2\experiments\mbv2_bs32_lr1e-2_wd_0_dp_2e-1_seed_123
6,1.0668546167585584,1.0183871389786403,0.6494542645065279,0.6244977998953178,0.01,32,mbv2,0,0.2,123,32,0.01,mbv2_bs32_lr1e-2_wd_0_dp_2e-1_seed_123,C:\Users\jakub\Documents\Magisterskie\DeepLearning\mobilenet\experiments\bs_nowe_2\experiments\mbv2_bs32_lr1e-2_wd_0_dp_2e-1_seed_123
7,1.0260313056415982,1.0042091084374325,0.6651724633472625,0.6361236166584612,0.01,32,mbv2,0,0.2,123,32,0.01,mbv2_bs32_lr1e-2_wd_0_dp_2e-1_seed_123,C:\Users\jakub\Documents\Magisterskie\DeepLearning\mobilenet\experiments\bs_nowe_2\experiments\mbv2_bs32_lr1e-2_wd_0_dp_2e-1_seed_123
8,0.9967707279841104,1.003119484073586,0.668658820057846,0.6380526485431841,0.01,32,mbv2,0,0.2,123,32,0.01,mbv2_bs32_lr1e-2_wd_0_dp_2e-1_seed_123,C:\Users\jakub\Documents\Magisterskie\DeepLearning\mobilenet\experiments\bs_nowe_2\experiments\mbv2_bs32_lr1e-2_wd_0_dp_2e-1_seed_123
9,0.9689714009814792,0.948891197040346,0.6885498325831079,0.654727445379113,0.01,32,mbv2,0,0.2,123,32,0.01,mbv2_bs32_lr1e-2_wd_0_dp_2e-1_seed_123,C:\Users\jakub\Documents\Magisterskie\DeepLearning\mobilenet\experiments\bs_nowe_2\experiments\mbv2_bs32_lr1e-2_wd_0_dp_2e-1_seed_123
10,0.937300220765008,0.9444413543701172,0.6903142426417243,0.6548067649805842,0.01,32,mbv2,0,0.2,123,32,0.01,mbv2_bs32_lr1e-2_wd_0_dp_2e-1_seed_123,C:\Users\jakub\Documents\Magisterskie\DeepLearning\mobilenet\experiments\bs_nowe_2\experiments\mbv2_bs32_lr1e-2_wd_0_dp_2e-1_seed_123
11,0.9155539194318985,0.9240214630802472,0.7043731992783228,0.6653425911893182,0.01,32,mbv2,0,0.2,123,32,0.01,mbv2_bs32_lr1e-2_wd_0_dp_2e-1_seed_123,C:\Users\jakub\Documents\Magisterskie\DeepLearning\mobilenet\experiments\bs_nowe_2\experiments\mbv2_bs32_lr1e-2_wd_0_dp_2e-1_seed_123
12,0.8966674915419685,0.9287636229117712,0.7017563773016329,0.6608135697448342,0.01,32,mbv2,0,0.2,123,32,0.01,mbv2_bs32_lr1e-2_wd_0_dp_2e-1_seed_123,C:\Users\jakub\Documents\Magisterskie\DeepLearning\mobilenet\experiments\bs_nowe_2\experiments\mbv2_bs32_lr1e-2_wd_0_dp_2e-1_seed_123
13,0.871392485470242,0.906028912531005,0.7146611250312952,0.6707057107551079,0.01,32,mbv2,0,0.2,123,32,0.01,mbv2_bs32_lr1e-2_wd_0_dp_2e-1_seed_123,C:\Users\jakub\Documents\Magisterskie\DeepLearning\mobilenet\experiments\bs_nowe_2\experiments\mbv2_bs32_lr1e-2_wd_0_dp_2e-1_seed_123
14,0.8570964919302199,0.9045746281835768,0.7173686143060677,0.6717680155872425,0.01,32,mbv2,0,0.2,123,32,0.01,mbv2_bs32_lr1e-2_wd_0_dp_2e-1_seed_123,C:\Users\jakub\Documents\Magisterskie\DeepLearning\mobilenet\experiments\bs_nowe_2\experiments\mbv2_bs32_lr1e-2_wd_0_dp_2e-1_seed_123
15,0.839952706167433,0.9183545534802808,0.7236319770232791,0.6733863583013966,0.01,32,mbv2,0,0.2,123,32,0.01,mbv2_bs32_lr1e-2_wd_0_dp_2e-1_seed_123,C:\Users\jakub\Documents\Magisterskie\DeepLearning\mobilenet\experiments\bs_nowe_2\experiments\mbv2_bs32_lr1e-2_wd_0_dp_2e-1_seed_123
16,0.8250829867574904,0.8762021287070381,0.7376033957885968,0.685118813627262,0.01,32,mbv2,0,0.2,123,32,0.01,mbv2_bs32_lr1e-2_wd_0_dp_2e-1_seed_123,C:\Users\jakub\Documents\Magisterskie\DeepLearning\mobilenet\experiments\bs_nowe_2\experiments\mbv2_bs32_lr1e-2_wd_0_dp_2e-1_seed_123
17,0.8094380430327521,0.8881465615537432,0.7311085380870996,0.6789931988885074,0.01,32,mbv2,0,0.2,123,32,0.01,mbv2_bs32_lr1e-2_wd_0_dp_2e-1_seed_123,C:\Users\jakub\Documents\Magisterskie\DeepLearning\mobilenet\experiments\bs_nowe_2\experiments\mbv2_bs32_lr1e-2_wd_0_dp_2e-1_seed_123
18,0.7953911170747545,0.8762163361204995,0.732161316689609,0.6747473430817984,0.01,32,mbv2,0,0.2,123,32,0.01,mbv2_bs32_lr1e-2_wd_0_dp_2e-1_seed_123,C:\Users\jakub\Documents\Magisterskie\DeepLearning\mobilenet\experiments\bs_nowe_2\experiments\mbv2_bs32_lr1e-2_wd_0_dp_2e-1_seed_123
19,0.7821604211807252,0.8739398612936338,0.7472844467894683,0.6894512096946788,0.01,32,mbv2,0,0.2,123,32,0.01,mbv2_bs32_lr1e-2_wd_0_dp_2e-1_seed_123,C:\Users\jakub\Documents\Magisterskie\DeepLearning\mobilenet\experiments\bs_nowe_2\experiments\mbv2_bs32_lr1e-2_wd_0_dp_2e-1_seed_123
20,0.7717174525472853,0.8448035958872901,0.7628265676493633,0.6984224445970083,0.01,32,mbv2,0,0.2,123,32,0.01,mbv2_bs32_lr1e-2_wd_0_dp_2e-1_seed_123,C:\Users\jakub\Documents\Magisterskie\DeepLearning\mobilenet\experiments\bs_nowe_2\experiments\mbv2_bs32_lr1e-2_wd_0_dp_2e-1_seed_123
21,0.7574852114041646,0.8477262730419636,0.7578419789198519,0.695768001643818,0.01,32,mbv2,0,0.2,123,32,0.01,mbv2_bs32_lr1e-2_wd_0_dp_2e-1_seed_123,C:\Users\jakub\Documents\Magisterskie\DeepLearning\mobilenet\experiments\bs_nowe_2\experiments\mbv2_bs32_lr1e-2_wd_0_dp_2e-1_seed_123
22,0.7489665518548754,0.8439528588573137,0.7698665390461007,0.7015287369657119,0.01,32,mbv2,0,0.2,123,32,0.01,mbv2_bs32_lr1e-2_wd_0_dp_2e-1_seed_123,C:\Users\jakub\Documents\Magisterskie\DeepLearning\mobilenet\experiments\bs_nowe_2\experiments\mbv2_bs32_lr1e-2_wd_0_dp_2e-1_seed_123
23,0.7383608378516303,0.8643417633841435,0.7615652420577222,0.6902405099988849,0.01,32,mbv2,0,0.2,123,32,0.01,mbv2_bs32_lr1e-2_wd_0_dp_2e-1_seed_123,C:\Users\jakub\Documents\Magisterskie\DeepLearning\mobilenet\experiments\bs_nowe_2\experiments\mbv2_bs32_lr1e-2_wd_0_dp_2e-1_seed_123
24,0.73045412885348,0.8644660911109713,0.7699627381320222,0.6993012071073748,0.01,32,mbv2,0,0.2,123,32,0.01,mbv2_bs32_lr1e-2_wd_0_dp_2e-1_seed_123,C:\Users\jakub\Documents\Magisterskie\DeepLearning\mobilenet\experiments\bs_nowe_2\experiments\mbv2_bs32_lr1e-2_wd_0_dp_2e-1_seed_123
25,0.7189634152730306,0.8436454419321484,0.780130570058472,0.704172538061597,0.01,32,mbv2,0,0.2,123,32,0.01,mbv2_bs32_lr1e-2_wd_0_dp_2e-1_seed_123,C:\Users\jakub\Documents\Magisterskie\DeepLearning\mobilenet\experiments\bs_nowe_2\experiments\mbv2_bs32_lr1e-2_wd_0_dp_2e-1_seed_123
0,1.980364134428236,1.6894022526952956,0.2816966305329169,0.2794723851610138,0.01,32,mbv2,0,0.2,2024,32,0.01,mbv2_bs32_lr1e-2_wd_0_dp_2e-1_seed_2024,C:\Users\jakub\Documents\Magisterskie\DeepLearning\mobilenet\experiments\bs_nowe_2\experiments\mbv2_bs32_lr1e-2_wd_0_dp_2e-1_seed_2024
1,1.5757971181445651,1.5255615196492938,0.4224372952448026,0.4184082185294953,0.01,32,mbv2,0,0.2,2024,32,0.01,mbv2_bs32_lr1e-2_wd_0_dp_2e-1_seed_2024,C:\Users\jakub\Documents\Magisterskie\DeepLearning\mobilenet\experiments\bs_nowe_2\experiments\mbv2_bs32_lr1e-2_wd_0_dp_2e-1_seed_2024
2,1.4006714447127449,1.2661478506935968,0.5451332254940315,0.536820661849226,0.01,32,mbv2,0,0.2,2024,32,0.01,mbv2_bs32_lr1e-2_wd_0_dp_2e-1_seed_2024,C:\Users\jakub\Documents\Magisterskie\DeepLearning\mobilenet\experiments\bs_nowe_2\experiments\mbv2_bs32_lr1e-2_wd_0_dp_2e-1_seed_2024
3,1.2957459647072689,1.2063583518875969,0.5764181940964398,0.5648365627580205,0.01,32,mbv2,0,0.2,2024,32,0.01,mbv2_bs32_lr1e-2_wd_0_dp_2e-1_seed_2024,C:\Users\jakub\Documents\Magisterskie\DeepLearning\mobilenet\experiments\bs_nowe_2\experiments\mbv2_bs32_lr1e-2_wd_0_dp_2e-1_seed_2024
4,1.2228133727815416,1.2637249626159668,0.5549655984996406,0.5415711357721704,0.01,32,mbv2,0,0.2,2024,32,0.01,mbv2_bs32_lr1e-2_wd_0_dp_2e-1_seed_2024,C:\Users\jakub\Documents\Magisterskie\DeepLearning\mobilenet\experiments\bs_nowe_2\experiments\mbv2_bs32_lr1e-2_wd_0_dp_2e-1_seed_2024
5,1.16458641872406,1.0888137574752172,0.6210367640691021,0.5998197574818567,0.01,32,mbv2,0,0.2,2024,32,0.01,mbv2_bs32_lr1e-2_wd_0_dp_2e-1_seed_2024,C:\Users\jakub\Documents\Magisterskie\DeepLearning\mobilenet\experiments\bs_nowe_2\experiments\mbv2_bs32_lr1e-2_wd_0_dp_2e-1_seed_2024
6,1.1204670360565183,1.2180892041603724,0.5782837805943355,0.5599405821006715,0.01,32,mbv2,0,0.2,2024,32,0.01,mbv2_bs32_lr1e-2_wd_0_dp_2e-1_seed_2024,C:\Users\jakub\Documents\Magisterskie\DeepLearning\mobilenet\experiments\bs_nowe_2\experiments\mbv2_bs32_lr1e-2_wd_0_dp_2e-1_seed_2024
7,1.080675692325168,1.0355114388757285,0.642639817235524,0.619057114675323,0.01,32,mbv2,0,0.2,2024,32,0.01,mbv2_bs32_lr1e-2_wd_0_dp_2e-1_seed_2024,C:\Users\jakub\Documents\Magisterskie\DeepLearning\mobilenet\experiments\bs_nowe_2\experiments\mbv2_bs32_lr1e-2_wd_0_dp_2e-1_seed_2024
8,1.051235335116916,1.029109253201882,0.6531661837438715,0.623961792003002,0.01,32,mbv2,0,0.2,2024,32,0.01,mbv2_bs32_lr1e-2_wd_0_dp_2e-1_seed_2024,C:\Users\jakub\Documents\Magisterskie\DeepLearning\mobilenet\experiments\bs_nowe_2\experiments\mbv2_bs32_lr1e-2_wd_0_dp_2e-1_seed_2024
9,1.0165980981932743,0.9962650824043486,0.6714056290242318,0.6392319999938971,0.01,32,mbv2,0,0.2,2024,32,0.01,mbv2_bs32_lr1e-2_wd_0_dp_2e-1_seed_2024,C:\Users\jakub\Documents\Magisterskie\DeepLearning\mobilenet\experiments\bs_nowe_2\experiments\mbv2_bs32_lr1e-2_wd_0_dp_2e-1_seed_2024
10,0.9902834678437976,0.982781146381961,0.683056387376994,0.6472040936066386,0.01,32,mbv2,0,0.2,2024,32,0.01,mbv2_bs32_lr1e-2_wd_0_dp_2e-1_seed_2024,C:\Users\jakub\Documents\Magisterskie\DeepLearning\mobilenet\experiments\bs_nowe_2\experiments\mbv2_bs32_lr1e-2_wd_0_dp_2e-1_seed_2024
11,0.9637798176235622,0.9491469942159124,0.6930679616067084,0.6562875573518759,0.01,32,mbv2,0,0.2,2024,32,0.01,mbv2_bs32_lr1e-2_wd_0_dp_2e-1_seed_2024,C:\Users\jakub\Documents\Magisterskie\DeepLearning\mobilenet\experiments\bs_nowe_2\experiments\mbv2_bs32_lr1e-2_wd_0_dp_2e-1_seed_2024
12,0.9400106002807616,0.9581228428257836,0.6871726513671909,0.6474975930256501,0.01,32,mbv2,0,0.2,2024,32,0.01,mbv2_bs32_lr1e-2_wd_0_dp_2e-1_seed_2024,C:\Users\jakub\Documents\Magisterskie\DeepLearning\mobilenet\experiments\bs_nowe_2\experiments\mbv2_bs32_lr1e-2_wd_0_dp_2e-1_seed_2024
13,0.9228403759320576,0.9373356024159324,0.7102721464595755,0.6667626138974766,0.01,32,mbv2,0,0.2,2024,32,0.01,mbv2_bs32_lr1e-2_wd_0_dp_2e-1_seed_2024,C:\Users\jakub\Documents\Magisterskie\DeepLearning\mobilenet\experiments\bs_nowe_2\experiments\mbv2_bs32_lr1e-2_wd_0_dp_2e-1_seed_2024
14,0.9020921903822156,0.9218162731726964,0.7160163724617644,0.6685637081747408,0.01,32,mbv2,0,0.2,2024,32,0.01,mbv2_bs32_lr1e-2_wd_0_dp_2e-1_seed_2024,C:\Users\jakub\Documents\Magisterskie\DeepLearning\mobilenet\experiments\bs_nowe_2\experiments\mbv2_bs32_lr1e-2_wd_0_dp_2e-1_seed_2024
15,0.8809886922306485,0.9567813306093216,0.7048163871957505,0.6589256524749423,0.01,32,mbv2,0,0.2,2024,32,0.01,mbv2_bs32_lr1e-2_wd_0_dp_2e-1_seed_2024,C:\Users\jakub\Documents\Magisterskie\DeepLearning\mobilenet\experiments\bs_nowe_2\experiments\mbv2_bs32_lr1e-2_wd_0_dp_2e-1_seed_2024
16,0.86478263463974,0.901252248120308,0.7246553485460717,0.674466722405437,0.01,32,mbv2,0,0.2,2024,32,0.01,mbv2_bs32_lr1e-2_wd_0_dp_2e-1_seed_2024,C:\Users\jakub\Documents\Magisterskie\DeepLearning\mobilenet\experiments\bs_nowe_2\experiments\mbv2_bs32_lr1e-2_wd_0_dp_2e-1_seed_2024
17,0.8500004431300693,0.9185109139816628,0.7228622989192005,0.6692199037810953,0.01,32,mbv2,0,0.2,2024,32,0.01,mbv2_bs32_lr1e-2_wd_0_dp_2e-1_seed_2024,C:\Users\jakub\Documents\Magisterskie\DeepLearning\mobilenet\experiments\bs_nowe_2\experiments\mbv2_bs32_lr1e-2_wd_0_dp_2e-1_seed_2024
18,0.8343917188432481,0.9106726814521684,0.7272258704036004,0.6710730942204967,0.01,32,mbv2,0,0.2,2024,32,0.01,mbv2_bs32_lr1e-2_wd_0_dp_2e-1_seed_2024,C:\Users\jakub\Documents\Magisterskie\DeepLearning\mobilenet\experiments\bs_nowe_2\experiments\mbv2_bs32_lr1e-2_wd_0_dp_2e-1_seed_2024
19,0.8212690621587965,0.8950610047419866,0.7300499381471928,0.674228735084389,0.01,32,mbv2,0,0.2,2024,32,0.01,mbv2_bs32_lr1e-2_wd_0_dp_2e-1_seed_2024,C:\Users\jakub\Documents\Magisterskie\DeepLearning\mobilenet\experiments\bs_nowe_2\experiments\mbv2_bs32_lr1e-2_wd_0_dp_2e-1_seed_2024
20,0.8094469575246175,0.8827963672505484,0.7465354977239925,0.684837780387062,0.01,32,mbv2,0,0.2,2024,32,0.01,mbv2_bs32_lr1e-2_wd_0_dp_2e-1_seed_2024,C:\Users\jakub\Documents\Magisterskie\DeepLearning\mobilenet\experiments\bs_nowe_2\experiments\mbv2_bs32_lr1e-2_wd_0_dp_2e-1_seed_2024
21,0.799496550295088,0.8828351899703344,0.7469363203855793,0.6848698647130743,0.01,32,mbv2,0,0.2,2024,32,0.01,mbv2_bs32_lr1e-2_wd_0_dp_2e-1_seed_2024,C:\Users\jakub\Documents\Magisterskie\DeepLearning\mobilenet\experiments\bs_nowe_2\experiments\mbv2_bs32_lr1e-2_wd_0_dp_2e-1_seed_2024
22,0.782529680135515,0.8819892027894656,0.7463168533139273,0.683325054910505,0.01,32,mbv2,0,0.2,2024,32,0.01,mbv2_bs32_lr1e-2_wd_0_dp_2e-1_seed_2024,C:\Users\jakub\Documents\Magisterskie\DeepLearning\mobilenet\experiments\bs_nowe_2\experiments\mbv2_bs32_lr1e-2_wd_0_dp_2e-1_seed_2024
23,0.773948200278812,0.8786475044502152,0.7567989515541546,0.6874914125156192,0.01,32,mbv2,0,0.2,2024,32,0.01,mbv2_bs32_lr1e-2_wd_0_dp_2e-1_seed_2024,C:\Users\jakub\Documents\Magisterskie\DeepLearning\mobilenet\experiments\bs_nowe_2\experiments\mbv2_bs32_lr1e-2_wd_0_dp_2e-1_seed_2024
24,0.7647386308670044,0.8788943857656585,0.7477407404551674,0.6793814011128554,0.01,32,mbv2,0,0.2,2024,32,0.01,mbv2_bs32_lr1e-2_wd_0_dp_2e-1_seed_2024,C:\Users\jakub\Documents\Magisterskie\DeepLearning\mobilenet\experiments\bs_nowe_2\experiments\mbv2_bs32_lr1e-2_wd_0_dp_2e-1_seed_2024
25,0.7513506146219041,0.8487773287918833,0.7745347169072615,0.6995639049125376,0.01,32,mbv2,0,0.2,2024,32,0.01,mbv2_bs32_lr1e-2_wd_0_dp_2e-1_seed_2024,C:\Users\jakub\Documents\Magisterskie\DeepLearning\mobilenet\experiments\bs_nowe_2\experiments\mbv2_bs32_lr1e-2_wd_0_dp_2e-1_seed_2024
0,1.781865046204461,1.5280192082828945,0.4059541710668721,0.4036120075847179,0.01,32,mbv2,0,0.2,42,32,0.01,mbv2_bs32_lr1e-2_wd_0_dp_2e-1_seed_42,C:\Users\jakub\Documents\Magisterskie\DeepLearning\mobilenet\experiments\bs_nowe_2\experiments\mbv2_bs32_lr1e-2_wd_0_dp_2e-1_seed_42
1,1.4564285206688774,1.4544332425011528,0.4798128752281048,0.473424052941332,0.01,32,mbv2,0,0.2,42,32,0.01,mbv2_bs32_lr1e-2_wd_0_dp_2e-1_seed_42,C:\Users\jakub\Documents\Magisterskie\DeepLearning\mobilenet\experiments\bs_nowe_2\experiments\mbv2_bs32_lr1e-2_wd_0_dp_2e-1_seed_42
2,1.311288170284695,1.2298051674207051,0.5550809743556027,0.5450153089325405,0.01,32,mbv2,0,0.2,42,32,0.01,mbv2_bs32_lr1e-2_wd_0_dp_2e-1_seed_42,C:\Users\jakub\Documents\Magisterskie\DeepLearning\mobilenet\experiments\bs_nowe_2\experiments\mbv2_bs32_lr1e-2_wd_0_dp_2e-1_seed_42
3,1.22168069624371,1.210691057422426,0.5694947208701955,0.5545347286197438,0.01,32,mbv2,0,0.2,42,32,0.01,mbv2_bs32_lr1e-2_wd_0_dp_2e-1_seed_42,C:\Users\jakub\Documents\Magisterskie\DeepLearning\mobilenet\experiments\bs_nowe_2\experiments\mbv2_bs32_lr1e-2_wd_0_dp_2e-1_seed_42
4,1.1497176662445068,1.113034082971679,0.6040406495764501,0.5887796475373022,0.01,32,mbv2,0,0.2,42,32,0.01,mbv2_bs32_lr1e-2_wd_0_dp_2e-1_seed_42,C:\Users\jakub\Documents\Magisterskie\DeepLearning\mobilenet\experiments\bs_nowe_2\experiments\mbv2_bs32_lr1e-2_wd_0_dp_2e-1_seed_42
5,1.0885186040666368,1.0255092403385375,0.6511042605553853,0.630718354449095,0.01,32,mbv2,0,0.2,42,32,0.01,mbv2_bs32_lr1e-2_wd_0_dp_2e-1_seed_42,C:\Users\jakub\Documents\Magisterskie\DeepLearning\mobilenet\experiments\bs_nowe_2\experiments\mbv2_bs32_lr1e-2_wd_0_dp_2e-1_seed_42
6,1.039095514922672,1.054996477370792,0.6390528687406849,0.6177898591244104,0.01,32,mbv2,0,0.2,42,32,0.01,mbv2_bs32_lr1e-2_wd_0_dp_2e-1_seed_42,C:\Users\jakub\Documents\Magisterskie\DeepLearning\mobilenet\experiments\bs_nowe_2\experiments\mbv2_bs32_lr1e-2_wd_0_dp_2e-1_seed_42
7,0.9981653206719292,0.9915582870165508,0.6773035645079487,0.6470632584373907,0.01,32,mbv2,0,0.2,42,32,0.01,mbv2_bs32_lr1e-2_wd_0_dp_2e-1_seed_42,C:\Users\jakub\Documents\Magisterskie\DeepLearning\mobilenet\experiments\bs_nowe_2\experiments\mbv2_bs32_lr1e-2_wd_0_dp_2e-1_seed_42
8,0.9625780839390224,0.9993624793079164,0.6686262595248376,0.63689726179425,0.01,32,mbv2,0,0.2,42,32,0.01,mbv2_bs32_lr1e-2_wd_0_dp_2e-1_seed_42,C:\Users\jakub\Documents\Magisterskie\DeepLearning\mobilenet\experiments\bs_nowe_2\experiments\mbv2_bs32_lr1e-2_wd_0_dp_2e-1_seed_42
9,0.9380837004979452,0.9443062657356264,0.6948197562745353,0.6619124392113827,0.01,32,mbv2,0,0.2,42,32,0.01,mbv2_bs32_lr1e-2_wd_0_dp_2e-1_seed_42,C:\Users\jakub\Documents\Magisterskie\DeepLearning\mobilenet\experiments\bs_nowe_2\experiments\mbv2_bs32_lr1e-2_wd_0_dp_2e-1_seed_42
10,0.9111108703825208,0.90590995701419,0.7117130177357341,0.6764388065962643,0.01,32,mbv2,0,0.2,42,32,0.01,mbv2_bs32_lr1e-2_wd_0_dp_2e-1_seed_42,C:\Users\jakub\Documents\Magisterskie\DeepLearning\mobilenet\experiments\bs_nowe_2\experiments\mbv2_bs32_lr1e-2_wd_0_dp_2e-1_seed_42
11,0.8860263929367066,0.8935783006191254,0.7201651796094086,0.6778446784887351,0.01,32,mbv2,0,0.2,42,32,0.01,mbv2_bs32_lr1e-2_wd_0_dp_2e-1_seed_42,C:\Users\jakub\Documents\Magisterskie\DeepLearning\mobilenet\experiments\bs_nowe_2\experiments\mbv2_bs32_lr1e-2_wd_0_dp_2e-1_seed_42
12,0.8639307543224759,0.9130950707091224,0.7183169434975951,0.6747861396221204,0.01,32,mbv2,0,0.2,42,32,0.01,mbv2_bs32_lr1e-2_wd_0_dp_2e-1_seed_42,C:\Users\jakub\Documents\Magisterskie\DeepLearning\mobilenet\experiments\bs_nowe_2\experiments\mbv2_bs32_lr1e-2_wd_0_dp_2e-1_seed_42
13,0.8432469966040718,0.8911809226751327,0.7309242271782199,0.684104676081816,0.01,32,mbv2,0,0.2,42,32,0.01,mbv2_bs32_lr1e-2_wd_0_dp_2e-1_seed_42,C:\Users\jakub\Documents\Magisterskie\DeepLearning\mobilenet\experiments\bs_nowe_2\experiments\mbv2_bs32_lr1e-2_wd_0_dp_2e-1_seed_42
14,0.8285631160100301,0.8793536453386148,0.7346405248562495,0.6841403903821013,0.01,32,mbv2,0,0.2,42,32,0.01,mbv2_bs32_lr1e-2_wd_0_dp_2e-1_seed_42,C:\Users\jakub\Documents\Magisterskie\DeepLearning\mobilenet\experiments\bs_nowe_2\experiments\mbv2_bs32_lr1e-2_wd_0_dp_2e-1_seed_42
15,0.8137116810374789,0.842291896420055,0.7503104164610379,0.6988845952245425,0.01,32,mbv2,0,0.2,42,32,0.01,mbv2_bs32_lr1e-2_wd_0_dp_2e-1_seed_42,C:\Users\jakub\Documents\Magisterskie\DeepLearning\mobilenet\experiments\bs_nowe_2\experiments\mbv2_bs32_lr1e-2_wd_0_dp_2e-1_seed_42
16,0.799267843495475,0.8630208714776569,0.743172211634062,0.6882007910251737,0.01,32,mbv2,0,0.2,42,32,0.01,mbv2_bs32_lr1e-2_wd_0_dp_2e-1_seed_42,C:\Users\jakub\Documents\Magisterskie\DeepLearning\mobilenet\experiments\bs_nowe_2\experiments\mbv2_bs32_lr1e-2_wd_0_dp_2e-1_seed_42
17,0.7828995204501682,0.8752228426350488,0.7490121358521117,0.6912752046289165,0.01,32,mbv2,0,0.2,42,32,0.01,mbv2_bs32_lr1e-2_wd_0_dp_2e-1_seed_42,C:\Users\jakub\Documents\Magisterskie\DeepLearning\mobilenet\experiments\bs_nowe_2\experiments\mbv2_bs32_lr1e-2_wd_0_dp_2e-1_seed_42
18,0.7679137079132928,0.8708415053685507,0.7441313691488763,0.6887827434988713,0.01,32,mbv2,0,0.2,42,32,0.01,mbv2_bs32_lr1e-2_wd_0_dp_2e-1_seed_42,C:\Users\jakub\Documents\Magisterskie\DeepLearning\mobilenet\experiments\bs_nowe_2\experiments\mbv2_bs32_lr1e-2_wd_0_dp_2e-1_seed_42
19,0.7603632839838663,0.8417686240355173,0.7575091781639591,0.6944986244320412,0.01,32,mbv2,0,0.2,42,32,0.01,mbv2_bs32_lr1e-2_wd_0_dp_2e-1_seed_42,C:\Users\jakub\Documents\Magisterskie\DeepLearning\mobilenet\experiments\bs_nowe_2\experiments\mbv2_bs32_lr1e-2_wd_0_dp_2e-1_seed_42
20,0.7440042578803169,0.839390425517824,0.7698961996539785,0.7046326599051324,0.01,32,mbv2,0,0.2,42,32,0.01,mbv2_bs32_lr1e-2_wd_0_dp_2e-1_seed_42,C:\Users\jakub\Documents\Magisterskie\DeepLearning\mobilenet\experiments\bs_nowe_2\experiments\mbv2_bs32_lr1e-2_wd_0_dp_2e-1_seed_42
21,0.7328028855641683,0.8695683177603616,0.763868780991676,0.6979553937856421,0.01,32,mbv2,0,0.2,42,32,0.01,mbv2_bs32_lr1e-2_wd_0_dp_2e-1_seed_42,C:\Users\jakub\Documents\Magisterskie\DeepLearning\mobilenet\experiments\bs_nowe_2\experiments\mbv2_bs32_lr1e-2_wd_0_dp_2e-1_seed_42
22,0.7258915081924863,0.854507427333461,0.7687737513466252,0.6984240101263074,0.01,32,mbv2,0,0.2,42,32,0.01,mbv2_bs32_lr1e-2_wd_0_dp_2e-1_seed_42,C:\Users\jakub\Documents\Magisterskie\DeepLearning\mobilenet\experiments\bs_nowe_2\experiments\mbv2_bs32_lr1e-2_wd_0_dp_2e-1_seed_42
23,0.7109762028588189,0.8178005663639969,0.7832188470945508,0.7106173508411143,0.01,32,mbv2,0,0.2,42,32,0.01,mbv2_bs32_lr1e-2_wd_0_dp_2e-1_seed_42,C:\Users\jakub\Documents\Magisterskie\DeepLearning\mobilenet\experiments\bs_nowe_2\experiments\mbv2_bs32_lr1e-2_wd_0_dp_2e-1_seed_42
24,0.7013340126779344,0.844207139153613,0.7812022887898376,0.7048028582685403,0.01,32,mbv2,0,0.2,42,32,0.01,mbv2_bs32_lr1e-2_wd_0_dp_2e-1_seed_42,C:\Users\jakub\Documents\Magisterskie\DeepLearning\mobilenet\experiments\bs_nowe_2\experiments\mbv2_bs32_lr1e-2_wd_0_dp_2e-1_seed_42
25,0.6894290359920926,0.8249048327147961,0.7866374749541584,0.709784400948088,0.01,32,mbv2,0,0.2,42,32,0.01,mbv2_bs32_lr1e-2_wd_0_dp_2e-1_seed_42,C:\Users\jakub\Documents\Magisterskie\DeepLearning\mobilenet\experiments\bs_nowe_2\experiments\mbv2_bs32_lr1e-2_wd_0_dp_2e-1_seed_42
0,1.8985690410614011,1.6595403463787504,0.3187948776229324,0.3165621334911555,0.01,32,mbv2,0,0.2,7,32,0.01,mbv2_bs32_lr1e-2_wd_0_dp_2e-1_seed_7,C:\Users\jakub\Documents\Magisterskie\DeepLearning\mobilenet\experiments\bs_nowe_2\experiments\mbv2_bs32_lr1e-2_wd_0_dp_2e-1_seed_7
1,1.5799959091610378,1.4738754329999288,0.4341546963060823,0.42841449159458,0.01,32,mbv2,0,0.2,7,32,0.01,mbv2_bs32_lr1e-2_wd_0_dp_2e-1_seed_7,C:\Users\jakub\Documents\Magisterskie\DeepLearning\mobilenet\experiments\bs_nowe_2\experiments\mbv2_bs32_lr1e-2_wd_0_dp_2e-1_seed_7
2,1.402200961727566,1.3857135610686409,0.5085746004442339,0.4993515762640302,0.01,32,mbv2,0,0.2,7,32,0.01,mbv2_bs32_lr1e-2_wd_0_dp_2e-1_seed_7,C:\Users\jakub\Documents\Magisterskie\DeepLearning\mobilenet\experiments\bs_nowe_2\experiments\mbv2_bs32_lr1e-2_wd_0_dp_2e-1_seed_7
3,1.2836167485343086,1.34307271244261,0.516812336669305,0.5092655602631038,0.01,32,mbv2,0,0.2,7,32,0.01,mbv2_bs32_lr1e-2_wd_0_dp_2e-1_seed_7,C:\Users\jakub\Documents\Magisterskie\DeepLearning\mobilenet\experiments\bs_nowe_2\experiments\mbv2_bs32_lr1e-2_wd_0_dp_2e-1_seed_7
4,1.2047355799357096,1.179457531118393,0.5889272934856313,0.5750448220283515,0.01,32,mbv2,0,0.2,7,32,0.01,mbv2_bs32_lr1e-2_wd_0_dp_2e-1_seed_7,C:\Users\jakub\Documents\Magisterskie\DeepLearning\mobilenet\experiments\bs_nowe_2\experiments\mbv2_bs32_lr1e-2_wd_0_dp_2e-1_seed_7
5,1.1490552894592283,1.1248952603816986,0.616286257971639,0.5996519083810732,0.01,32,mbv2,0,0.2,7,32,0.01,mbv2_bs32_lr1e-2_wd_0_dp_2e-1_seed_7,C:\Users\jakub\Documents\Magisterskie\DeepLearning\mobilenet\experiments\bs_nowe_2\experiments\mbv2_bs32_lr1e-2_wd_0_dp_2e-1_seed_7
6,1.0980427118301392,1.0699490913099712,0.6289861373056193,0.6085995177412756,0.01,32,mbv2,0,0.2,7,32,0.01,mbv2_bs32_lr1e-2_wd_0_dp_2e-1_seed_7,C:\Users\jakub\Documents\Magisterskie\DeepLearning\mobilenet\experiments\bs_nowe_2\experiments\mbv2_bs32_lr1e-2_wd_0_dp_2e-1_seed_7
7,1.0612709927452937,1.0608543755200175,0.6356147274489758,0.6138990749297842,0.01,32,mbv2,0,0.2,7,32,0.01,mbv2_bs32_lr1e-2_wd_0_dp_2e-1_seed_7,C:\Users\jakub\Documents\Magisterskie\DeepLearning\mobilenet\experiments\bs_nowe_2\experiments\mbv2_bs32_lr1e-2_wd_0_dp_2e-1_seed_7
8,1.0252748865339492,1.004878603249126,0.6585396629619649,0.6317504034113488,0.01,32,mbv2,0,0.2,7,32,0.01,mbv2_bs32_lr1e-2_wd_0_dp_2e-1_seed_7,C:\Users\jakub\Documents\Magisterskie\DeepLearning\mobilenet\experiments\bs_nowe_2\experiments\mbv2_bs32_lr1e-2_wd_0_dp_2e-1_seed_7
9,0.9975804579204984,1.001892784933249,0.666501183648787,0.6358025895599011,0.01,32,mbv2,0,0.2,7,32,0.01,mbv2_bs32_lr1e-2_wd_0_dp_2e-1_seed_7,C:\Users\jakub\Documents\Magisterskie\DeepLearning\mobilenet\experiments\bs_nowe_2\experiments\mbv2_bs32_lr1e-2_wd_0_dp_2e-1_seed_7
10,0.9718071283340454,0.959253255478541,0.6873182957594763,0.6515112238775456,0.01,32,mbv2,0,0.2,7,32,0.01,mbv2_bs32_lr1e-2_wd_0_dp_2e-1_seed_7,C:\Users\jakub\Documents\Magisterskie\DeepLearning\mobilenet\experiments\bs_nowe_2\experiments\mbv2_bs32_lr1e-2_wd_0_dp_2e-1_seed_7
11,0.954236594189538,0.9503210146149,0.6899745307206844,0.6530714577928552,0.01,32,mbv2,0,0.2,7,32,0.01,mbv2_bs32_lr1e-2_wd_0_dp_2e-1_seed_7,C:\Users\jakub\Documents\Magisterskie\DeepLearning\mobilenet\experiments\bs_nowe_2\experiments\mbv2_bs32_lr1e-2_wd_0_dp_2e-1_seed_7
12,0.93281111052831,0.9571151129351722,0.6870010476750679,0.6482252529257807,0.01,32,mbv2,0,0.2,7,32,0.01,mbv2_bs32_lr1e-2_wd_0_dp_2e-1_seed_7,C:\Users\jakub\Documents\Magisterskie\DeepLearning\mobilenet\experiments\bs_nowe_2\experiments\mbv2_bs32_lr1e-2_wd_0_dp_2e-1_seed_7
13,0.9145522041638692,0.9626402269297176,0.6915132182287448,0.6528296860363494,0.01,32,mbv2,0,0.2,7,32,0.01,mbv2_bs32_lr1e-2_wd_0_dp_2e-1_seed_7,C:\Users\jakub\Documents\Magisterskie\DeepLearning\mobilenet\experiments\bs_nowe_2\experiments\mbv2_bs32_lr1e-2_wd_0_dp_2e-1_seed_7
14,0.8974149560716417,0.95244768793318,0.6947243138736927,0.654384786168918,0.01,32,mbv2,0,0.2,7,32,0.01,mbv2_bs32_lr1e-2_wd_0_dp_2e-1_seed_7,C:\Users\jakub\Documents\Magisterskie\DeepLearning\mobilenet\experiments\bs_nowe_2\experiments\mbv2_bs32_lr1e-2_wd_0_dp_2e-1_seed_7
15,0.8814075536092122,0.94074928855896,0.706575732687965,0.6617901490355589,0.01,32,mbv2,0,0.2,7,32,0.01,mbv2_bs32_lr1e-2_wd_0_dp_2e-1_seed_7,C:\Users\jakub\Documents\Magisterskie\DeepLearning\mobilenet\experiments\bs_nowe_2\experiments\mbv2_bs32_lr1e-2_wd_0_dp_2e-1_seed_7
16,0.8674803298102485,0.9173367376420232,0.7176637869752336,0.6703583306481138,0.01,32,mbv2,0,0.2,7,32,0.01,mbv2_bs32_lr1e-2_wd_0_dp_2e-1_seed_7,C:\Users\jakub\Documents\Magisterskie\DeepLearning\mobilenet\experiments\bs_nowe_2\experiments\mbv2_bs32_lr1e-2_wd_0_dp_2e-1_seed_7
17,0.8489693880399068,0.938085278152095,0.7105606889801479,0.6606433312087983,0.01,32,mbv2,0,0.2,7,32,0.01,mbv2_bs32_lr1e-2_wd_0_dp_2e-1_seed_7,C:\Users\jakub\Documents\Magisterskie\DeepLearning\mobilenet\experiments\bs_nowe_2\experiments\mbv2_bs32_lr1e-2_wd_0_dp_2e-1_seed_7
18,0.8322226359791226,0.8990890941858292,0.7350195020565249,0.6796606627723084,0.01,32,mbv2,0,0.2,7,32,0.01,mbv2_bs32_lr1e-2_wd_0_dp_2e-1_seed_7,C:\Users\jakub\Documents\Magisterskie\DeepLearning\mobilenet\experiments\bs_nowe_2\experiments\mbv2_bs32_lr1e-2_wd_0_dp_2e-1_seed_7
19,0.8221715483029683,0.8992237910111746,0.7370307652394869,0.6788381824747308,0.01,32,mbv2,0,0.2,7,32,0.01,mbv2_bs32_lr1e-2_wd_0_dp_2e-1_seed_7,C:\Users\jakub\Documents\Magisterskie\DeepLearning\mobilenet\experiments\bs_nowe_2\experiments\mbv2_bs32_lr1e-2_wd_0_dp_2e-1_seed_7
20,0.8128972943094042,0.8987257979975807,0.7326236061972203,0.6735365347171393,0.01,32,mbv2,0,0.2,7,32,0.01,mbv2_bs32_lr1e-2_wd_0_dp_2e-1_seed_7,C:\Users\jakub\Documents\Magisterskie\DeepLearning\mobilenet\experiments\bs_nowe_2\experiments\mbv2_bs32_lr1e-2_wd_0_dp_2e-1_seed_7
21,0.7974339862611559,0.9010002790557012,0.7460861057956408,0.6830395217595588,0.01,32,mbv2,0,0.2,7,32,0.01,mbv2_bs32_lr1e-2_wd_0_dp_2e-1_seed_7,C:\Users\jakub\Documents\Magisterskie\DeepLearning\mobilenet\experiments\bs_nowe_2\experiments\mbv2_bs32_lr1e-2_wd_0_dp_2e-1_seed_7
22,0.7887205924246047,0.8869405981699625,0.7474638084444493,0.6828090345676111,0.01,32,mbv2,0,0.2,7,32,0.01,mbv2_bs32_lr1e-2_wd_0_dp_2e-1_seed_7,C:\Users\jakub\Documents\Magisterskie\DeepLearning\mobilenet\experiments\bs_nowe_2\experiments\mbv2_bs32_lr1e-2_wd_0_dp_2e-1_seed_7
23,0.7803060268614027,0.8964979095015261,0.7479608312531796,0.6801070145027155,0.01,32,mbv2,0,0.2,7,32,0.01,mbv2_bs32_lr1e-2_wd_0_dp_2e-1_seed_7,C:\Users\jakub\Documents\Magisterskie\DeepLearning\mobilenet\experiments\bs_nowe_2\experiments\mbv2_bs32_lr1e-2_wd_0_dp_2e-1_seed_7
24,0.7654483383602566,0.9041015534821484,0.74501640209279,0.6756847843353812,0.01,32,mbv2,0,0.2,7,32,0.01,mbv2_bs32_lr1e-2_wd_0_dp_2e-1_seed_7,C:\Users\jakub\Documents\Magisterskie\DeepLearning\mobilenet\experiments\bs_nowe_2\experiments\mbv2_bs32_lr1e-2_wd_0_dp_2e-1_seed_7
25,0.7577903131167094,0.8712016271074613,0.7619274189869354,0.691172237290251,0.01,32,mbv2,0,0.2,7,32,0.01,mbv2_bs32_lr1e-2_wd_0_dp_2e-1_seed_7,C:\Users\jakub\Documents\Magisterskie\DeepLearning\mobilenet\experiments\bs_nowe_2\experiments\mbv2_bs32_lr1e-2_wd_0_dp_2e-1_seed_7
0,1.8716579540252685,1.5951922011375428,0.3508421352370391,0.346579733124909,0.01,32,mbv2,0,0.2,999,32,0.01,mbv2_bs32_lr1e-2_wd_0_dp_2e-1_seed_999,C:\Users\jakub\Documents\Magisterskie\DeepLearning\mobilenet\experiments\bs_nowe_2\experiments\mbv2_bs32_lr1e-2_wd_0_dp_2e-1_seed_999
1,1.5271306477652655,1.3877829052607218,0.4795220396922658,0.4751148678881676,0.01,32,mbv2,0,0.2,999,32,0.01,mbv2_bs32_lr1e-2_wd_0_dp_2e-1_seed_999,C:\Users\jakub\Documents\Magisterskie\DeepLearning\mobilenet\experiments\bs_nowe_2\experiments\mbv2_bs32_lr1e-2_wd_0_dp_2e-1_seed_999
2,1.3752579448488025,1.2567256912708282,0.5407873245381433,0.5327452294378194,0.01,32,mbv2,0,0.2,999,32,0.01,mbv2_bs32_lr1e-2_wd_0_dp_2e-1_seed_999,C:\Users\jakub\Documents\Magisterskie\DeepLearning\mobilenet\experiments\bs_nowe_2\experiments\mbv2_bs32_lr1e-2_wd_0_dp_2e-1_seed_999
3,1.2683787704043918,1.2038849113146464,0.5641663741566114,0.5523124590283527,0.01,32,mbv2,0,0.2,999,32,0.01,mbv2_bs32_lr1e-2_wd_0_dp_2e-1_seed_999,C:\Users\jakub\Documents\Magisterskie\DeepLearning\mobilenet\experiments\bs_nowe_2\experiments\mbv2_bs32_lr1e-2_wd_0_dp_2e-1_seed_999
4,1.183140200636122,1.1667732097731696,0.5913165558857869,0.5764550029251505,0.01,32,mbv2,0,0.2,999,32,0.01,mbv2_bs32_lr1e-2_wd_0_dp_2e-1_seed_999,C:\Users\jakub\Documents\Magisterskie\DeepLearning\mobilenet\experiments\bs_nowe_2\experiments\mbv2_bs32_lr1e-2_wd_0_dp_2e-1_seed_999
5,1.128768379380968,1.1395881860256194,0.6003464333812258,0.5824543747345674,0.01,32,mbv2,0,0.2,999,32,0.01,mbv2_bs32_lr1e-2_wd_0_dp_2e-1_seed_999,C:\Users\jakub\Documents\Magisterskie\DeepLearning\mobilenet\experiments\bs_nowe_2\experiments\mbv2_bs32_lr1e-2_wd_0_dp_2e-1_seed_999
6,1.0830688658184475,1.0501881607929866,0.639782466490252,0.6149912417109662,0.01,32,mbv2,0,0.2,999,32,0.01,mbv2_bs32_lr1e-2_wd_0_dp_2e-1_seed_999,C:\Users\jakub\Documents\Magisterskie\DeepLearning\mobilenet\experiments\bs_nowe_2\experiments\mbv2_bs32_lr1e-2_wd_0_dp_2e-1_seed_999
7,1.0403486910290187,1.0002002675559785,0.6578944007241996,0.6308336077378891,0.01,32,mbv2,0,0.2,999,32,0.01,mbv2_bs32_lr1e-2_wd_0_dp_2e-1_seed_999,C:\Users\jakub\Documents\Magisterskie\DeepLearning\mobilenet\experiments\bs_nowe_2\experiments\mbv2_bs32_lr1e-2_wd_0_dp_2e-1_seed_999
8,1.0100676167805989,1.000657922686471,0.6661973502576799,0.6382425359083327,0.01,32,mbv2,0,0.2,999,32,0.01,mbv2_bs32_lr1e-2_wd_0_dp_2e-1_seed_999,C:\Users\jakub\Documents\Magisterskie\DeepLearning\mobilenet\experiments\bs_nowe_2\experiments\mbv2_bs32_lr1e-2_wd_0_dp_2e-1_seed_999
9,0.9738158677948846,0.9564943895022074,0.6876225689125985,0.6545566858305921,0.01,32,mbv2,0,0.2,999,32,0.01,mbv2_bs32_lr1e-2_wd_0_dp_2e-1_seed_999,C:\Users\jakub\Documents\Magisterskie\DeepLearning\mobilenet\experiments\bs_nowe_2\experiments\mbv2_bs32_lr1e-2_wd_0_dp_2e-1_seed_999
10,0.9477762111345926,1.006515288770199,0.6684622494281125,0.6358922497131305,0.01,32,mbv2,0,0.2,999,32,0.01,mbv2_bs32_lr1e-2_wd_0_dp_2e-1_seed_999,C:\Users\jakub\Documents\Magisterskie\DeepLearning\mobilenet\experiments\bs_nowe_2\experiments\mbv2_bs32_lr1e-2_wd_0_dp_2e-1_seed_999
11,0.9265137686146632,0.950159836464458,0.6930990271768732,0.6538025059626122,0.01,32,mbv2,0,0.2,999,32,0.01,mbv2_bs32_lr1e-2_wd_0_dp_2e-1_seed_999,C:\Users\jakub\Documents\Magisterskie\DeepLearning\mobilenet\experiments\bs_nowe_2\experiments\mbv2_bs32_lr1e-2_wd_0_dp_2e-1_seed_999
12,0.8999941038343642,0.9466842538277308,0.7005885681108902,0.662872720904516,0.01,32,mbv2,0,0.2,999,32,0.01,mbv2_bs32_lr1e-2_wd_0_dp_2e-1_seed_999,C:\Users\jakub\Documents\Magisterskie\DeepLearning\mobilenet\experiments\bs_nowe_2\experiments\mbv2_bs32_lr1e-2_wd_0_dp_2e-1_seed_999
13,0.8775185393121507,0.916952245786455,0.7245005433137102,0.6800911854792286,0.01,32,mbv2,0,0.2,999,32,0.01,mbv2_bs32_lr1e-2_wd_0_dp_2e-1_seed_999,C:\Users\jakub\Documents\Magisterskie\DeepLearning\mobilenet\experiments\bs_nowe_2\experiments\mbv2_bs32_lr1e-2_wd_0_dp_2e-1_seed_999
14,0.8548563889079623,0.9353102331280708,0.7073111030540575,0.6638436517887086,0.01,32,mbv2,0,0.2,999,32,0.01,mbv2_bs32_lr1e-2_wd_0_dp_2e-1_seed_999,C:\Users\jakub\Documents\Magisterskie\DeepLearning\mobilenet\experiments\bs_nowe_2\experiments\mbv2_bs32_lr1e-2_wd_0_dp_2e-1_seed_999
15,0.8380138802634345,0.9365602228482564,0.7039317135014176,0.6595131653340016,0.01,32,mbv2,0,0.2,999,32,0.01,mbv2_bs32_lr1e-2_wd_0_dp_2e-1_seed_999,C:\Users\jakub\Documents\Magisterskie\DeepLearning\mobilenet\experiments\bs_nowe_2\experiments\mbv2_bs32_lr1e-2_wd_0_dp_2e-1_seed_999
16,0.824966110420227,0.9041102212919128,0.7244684555993144,0.6760655691263239,0.01,32,mbv2,0,0.2,999,32,0.01,mbv2_bs32_lr1e-2_wd_0_dp_2e-1_seed_999,C:\Users\jakub\Documents\Magisterskie\DeepLearning\mobilenet\experiments\bs_nowe_2\experiments\mbv2_bs32_lr1e-2_wd_0_dp_2e-1_seed_999
17,0.8088870679537455,0.9005021710329586,0.7334923069018663,0.6808472049051686,0.01,32,mbv2,0,0.2,999,32,0.01,mbv2_bs32_lr1e-2_wd_0_dp_2e-1_seed_999,C:\Users\jakub\Documents\Magisterskie\DeepLearning\mobilenet\experiments\bs_nowe_2\experiments\mbv2_bs32_lr1e-2_wd_0_dp_2e-1_seed_999
18,0.796349440436893,0.8463295133259562,0.7546879160519191,0.6955038497597562,0.01,32,mbv2,0,0.2,999,32,0.01,mbv2_bs32_lr1e-2_wd_0_dp_2e-1_seed_999,C:\Users\jakub\Documents\Magisterskie\DeepLearning\mobilenet\experiments\bs_nowe_2\experiments\mbv2_bs32_lr1e-2_wd_0_dp_2e-1_seed_999
19,0.7837150865978665,0.8682136272033055,0.7455189887531886,0.6879831418969924,0.01,32,mbv2,0,0.2,999,32,0.01,mbv2_bs32_lr1e-2_wd_0_dp_2e-1_seed_999,C:\Users\jakub\Documents\Magisterskie\DeepLearning\mobilenet\experiments\bs_nowe_2\experiments\mbv2_bs32_lr1e-2_wd_0_dp_2e-1_seed_999
20,0.771257660653856,0.8614086943149567,0.7561199844077882,0.6959546015727078,0.01,32,mbv2,0,0.2,999,32,0.01,mbv2_bs32_lr1e-2_wd_0_dp_2e-1_seed_999,C:\Users\jakub\Documents\Magisterskie\DeepLearning\mobilenet\experiments\bs_nowe_2\experiments\mbv2_bs32_lr1e-2_wd_0_dp_2e-1_seed_999
21,0.7608006614367168,0.84512942562898,0.763106947387078,0.7016847978959239,0.01,32,mbv2,0,0.2,999,32,0.01,mbv2_bs32_lr1e-2_wd_0_dp_2e-1_seed_999,C:\Users\jakub\Documents\Magisterskie\DeepLearning\mobilenet\experiments\bs_nowe_2\experiments\mbv2_bs32_lr1e-2_wd_0_dp_2e-1_seed_999
22,0.7461343033578661,0.8421810581657622,0.7620643272471279,0.6982735392823044,0.01,32,mbv2,0,0.2,999,32,0.01,mbv2_bs32_lr1e-2_wd_0_dp_2e-1_seed_999,C:\Users\jakub\Documents\Magisterskie\DeepLearning\mobilenet\experiments\bs_nowe_2\experiments\mbv2_bs32_lr1e-2_wd_0_dp_2e-1_seed_999
23,0.7336564719623989,0.8930304537375768,0.7519596040741225,0.6896515804570924,0.01,32,mbv2,0,0.2,999,32,0.01,mbv2_bs32_lr1e-2_wd_0_dp_2e-1_seed_999,C:\Users\jakub\Documents\Magisterskie\DeepLearning\mobilenet\experiments\bs_nowe_2\experiments\mbv2_bs32_lr1e-2_wd_0_dp_2e-1_seed_999
24,0.7287383366584778,0.868573651733001,0.7589198387620308,0.6922535310527302,0.01,32,mbv2,0,0.2,999,32,0.01,mbv2_bs32_lr1e-2_wd_0_dp_2e-1_seed_999,C:\Users\jakub\Documents\Magisterskie\DeepLearning\mobilenet\experiments\bs_nowe_2\experiments\mbv2_bs32_lr1e-2_wd_0_dp_2e-1_seed_999
25,0.7174228967931535,0.8414525030884478,0.7676522797549169,0.6995280466861757,0.01,32,mbv2,0,0.2,999,32,0.01,mbv2_bs32_lr1e-2_wd_0_dp_2e-1_seed_999,C:\Users\jakub\Documents\Magisterskie\DeepLearning\mobilenet\experiments\bs_nowe_2\experiments\mbv2_bs32_lr1e-2_wd_0_dp_2e-1_seed_999
0,1.857639977476332,1.659392894744873,0.332243520702786,0.329788624109241,0.01,64,mbv2,0,0.2,123,64,0.01,mbv2_bs64_lr1e-2_wd_0_dp_2e-1_seed_123,C:\Users\jakub\Documents\Magisterskie\DeepLearning\mobilenet\experiments\bs_nowe_2\experiments\mbv2_bs64_lr1e-2_wd_0_dp_2e-1_seed_123
1,1.500369714609782,1.6049769297652774,0.4327487626618505,0.4290623524243543,0.01,64,mbv2,0,0.2,123,64,0.01,mbv2_bs64_lr1e-2_wd_0_dp_2e-1_seed_123,C:\Users\jakub\Documents\Magisterskie\DeepLearning\mobilenet\experiments\bs_nowe_2\experiments\mbv2_bs64_lr1e-2_wd_0_dp_2e-1_seed_123
2,1.3115365552054512,1.2487158958435058,0.5486520377691315,0.5353357914397459,0.01,64,mbv2,0,0.2,123,64,0.01,mbv2_bs64_lr1e-2_wd_0_dp_2e-1_seed_123,C:\Users\jakub\Documents\Magisterskie\DeepLearning\mobilenet\experiments\bs_nowe_2\experiments\mbv2_bs64_lr1e-2_wd_0_dp_2e-1_seed_123
3,1.2036616958194308,1.2564537532117632,0.549302021750774,0.5385031560282322,0.01,64,mbv2,0,0.2,123,64,0.01,mbv2_bs64_lr1e-2_wd_0_dp_2e-1_seed_123,C:\Users\jakub\Documents\Magisterskie\DeepLearning\mobilenet\experiments\bs_nowe_2\experiments\mbv2_bs64_lr1e-2_wd_0_dp_2e-1_seed_123
4,1.126664968978034,1.084509398121304,0.6244889876288694,0.6048793055658153,0.01,64,mbv2,0,0.2,123,64,0.01,mbv2_bs64_lr1e-2_wd_0_dp_2e-1_seed_123,C:\Users\jakub\Documents\Magisterskie\DeepLearning\mobilenet\experiments\bs_nowe_2\experiments\mbv2_bs64_lr1e-2_wd_0_dp_2e-1_seed_123
5,1.066307307900323,1.1036409506162008,0.6228322322261164,0.6026798810150997,0.01,64,mbv2,0,0.2,123,64,0.01,mbv2_bs64_lr1e-2_wd_0_dp_2e-1_seed_123,C:\Users\jakub\Documents\Magisterskie\DeepLearning\mobilenet\experiments\bs_nowe_2\experiments\mbv2_bs64_lr1e-2_wd_0_dp_2e-1_seed_123
6,1.0126220755047268,0.9865453015539382,0.6689001828985104,0.6428622550476258,0.01,64,mbv2,0,0.2,123,64,0.01,mbv2_bs64_lr1e-2_wd_0_dp_2e-1_seed_123,C:\Users\jakub\Documents\Magisterskie\DeepLearning\mobilenet\experiments\bs_nowe_2\experiments\mbv2_bs64_lr1e-2_wd_0_dp_2e-1_seed_123
7,0.9636287150912816,1.0199316601806216,0.6664965134325765,0.6349224734550588,0.01,64,mbv2,0,0.2,123,64,0.01,mbv2_bs64_lr1e-2_wd_0_dp_2e-1_seed_123,C:\Users\jakub\Documents\Magisterskie\DeepLearning\mobilenet\experiments\bs_nowe_2\experiments\mbv2_bs64_lr1e-2_wd_0_dp_2e-1_seed_123
8,0.9271514245351156,0.9673454024473828,0.6818817335351738,0.6505134084130569,0.01,64,mbv2,0,0.2,123,64,0.01,mbv2_bs64_lr1e-2_wd_0_dp_2e-1_seed_123,C:\Users\jakub\Documents\Magisterskie\DeepLearning\mobilenet\experiments\bs_nowe_2\experiments\mbv2_bs64_lr1e-2_wd_0_dp_2e-1_seed_123
9,0.8897454555511475,0.9249622506565518,0.7093424406147122,0.6709550568566389,0.01,64,mbv2,0,0.2,123,64,0.01,mbv2_bs64_lr1e-2_wd_0_dp_2e-1_seed_123,C:\Users\jakub\Documents\Magisterskie\DeepLearning\mobilenet\experiments\bs_nowe_2\experiments\mbv2_bs64_lr1e-2_wd_0_dp_2e-1_seed_123
10,0.862421757835812,0.916052267604404,0.7198636990174121,0.6773298948694184,0.01,64,mbv2,0,0.2,123,64,0.01,mbv2_bs64_lr1e-2_wd_0_dp_2e-1_seed_123,C:\Users\jakub\Documents\Magisterskie\DeepLearning\mobilenet\experiments\bs_nowe_2\experiments\mbv2_bs64_lr1e-2_wd_0_dp_2e-1_seed_123
11,0.8308922815534804,0.8782662755674786,0.7323621305677491,0.687273341574015,0.01,64,mbv2,0,0.2,123,64,0.01,mbv2_bs64_lr1e-2_wd_0_dp_2e-1_seed_123,C:\Users\jakub\Documents\Magisterskie\DeepLearning\mobilenet\experiments\bs_nowe_2\experiments\mbv2_bs64_lr1e-2_wd_0_dp_2e-1_seed_123
12,0.8045766683472527,0.8811339655293359,0.7354547294534288,0.6866880099293045,0.01,64,mbv2,0,0.2,123,64,0.01,mbv2_bs64_lr1e-2_wd_0_dp_2e-1_seed_123,C:\Users\jakub\Documents\Magisterskie\DeepLearning\mobilenet\experiments\bs_nowe_2\experiments\mbv2_bs64_lr1e-2_wd_0_dp_2e-1_seed_123
13,0.7811122684054904,0.8789139137003157,0.7445393272673375,0.6914329689523383,0.01,64,mbv2,0,0.2,123,64,0.01,mbv2_bs64_lr1e-2_wd_0_dp_2e-1_seed_123,C:\Users\jakub\Documents\Magisterskie\DeepLearning\mobilenet\experiments\bs_nowe_2\experiments\mbv2_bs64_lr1e-2_wd_0_dp_2e-1_seed_123
14,0.7575017353587681,0.84891332054668,0.7629179744490762,0.7002565689128148,0.01,64,mbv2,0,0.2,123,64,0.01,mbv2_bs64_lr1e-2_wd_0_dp_2e-1_seed_123,C:\Users\jakub\Documents\Magisterskie\DeepLearning\mobilenet\experiments\bs_nowe_2\experiments\mbv2_bs64_lr1e-2_wd_0_dp_2e-1_seed_123
15,0.7350169106165568,0.8191909526851442,0.7713271251631493,0.7074840017301127,0.01,64,mbv2,0,0.2,123,64,0.01,mbv2_bs64_lr1e-2_wd_0_dp_2e-1_seed_123,C:\Users\jakub\Documents\Magisterskie\DeepLearning\mobilenet\experiments\bs_nowe_2\experiments\mbv2_bs64_lr1e-2_wd_0_dp_2e-1_seed_123
16,0.7170896573278639,0.8283519137647417,0.7728919896266373,0.7062548986120634,0.01,64,mbv2,0,0.2,123,64,0.01,mbv2_bs64_lr1e-2_wd_0_dp_2e-1_seed_123,C:\Users\jakub\Documents\Magisterskie\DeepLearning\mobilenet\experiments\bs_nowe_2\experiments\mbv2_bs64_lr1e-2_wd_0_dp_2e-1_seed_123
17,0.7017450348642137,0.8369148762570487,0.7779873199303846,0.704523805218641,0.01,64,mbv2,0,0.2,123,64,0.01,mbv2_bs64_lr1e-2_wd_0_dp_2e-1_seed_123,C:\Users\jakub\Documents\Magisterskie\DeepLearning\mobilenet\experiments\bs_nowe_2\experiments\mbv2_bs64_lr1e-2_wd_0_dp_2e-1_seed_123
18,0.6827325222757128,0.8790225358141793,0.7628319732648159,0.6934600342375153,0.01,64,mbv2,0,0.2,123,64,0.01,mbv2_bs64_lr1e-2_wd_0_dp_2e-1_seed_123,C:\Users\jakub\Documents\Magisterskie\DeepLearning\mobilenet\experiments\bs_nowe_2\experiments\mbv2_bs64_lr1e-2_wd_0_dp_2e-1_seed_123
19,0.6675880914476183,0.8409128995895385,0.7819580321506094,0.7060565425647605,0.01,64,mbv2,0,0.2,123,64,0.01,mbv2_bs64_lr1e-2_wd_0_dp_2e-1_seed_123,C:\Users\jakub\Documents\Magisterskie\DeepLearning\mobilenet\experiments\bs_nowe_2\experiments\mbv2_bs64_lr1e-2_wd_0_dp_2e-1_seed_123
20,0.6527549385918511,0.8301254750728607,0.7961628794585673,0.7121663045655271,0.01,64,mbv2,0,0.2,123,64,0.01,mbv2_bs64_lr1e-2_wd_0_dp_2e-1_seed_123,C:\Users\jakub\Documents\Magisterskie\DeepLearning\mobilenet\experiments\bs_nowe_2\experiments\mbv2_bs64_lr1e-2_wd_0_dp_2e-1_seed_123
21,0.6318231600761414,0.8025631360265943,0.8058743698971444,0.7163921799092764,0.01,64,mbv2,0,0.2,123,64,0.01,mbv2_bs64_lr1e-2_wd_0_dp_2e-1_seed_123,C:\Users\jakub\Documents\Magisterskie\DeepLearning\mobilenet\experiments\bs_nowe_2\experiments\mbv2_bs64_lr1e-2_wd_0_dp_2e-1_seed_123
22,0.6207563011593289,0.8275733911673228,0.810956703901976,0.7213627621861263,0.01,64,mbv2,0,0.2,123,64,0.01,mbv2_bs64_lr1e-2_wd_0_dp_2e-1_seed_123,C:\Users\jakub\Documents\Magisterskie\DeepLearning\mobilenet\experiments\bs_nowe_2\experiments\mbv2_bs64_lr1e-2_wd_0_dp_2e-1_seed_123
23,0.6081444398138258,0.8184287847889794,0.8131624259573277,0.7192268080077209,0.01,64,mbv2,0,0.2,123,64,0.01,mbv2_bs64_lr1e-2_wd_0_dp_2e-1_seed_123,C:\Users\jakub\Documents\Magisterskie\DeepLearning\mobilenet\experiments\bs_nowe_2\experiments\mbv2_bs64_lr1e-2_wd_0_dp_2e-1_seed_123
24,0.5966334555308024,0.8263467467943827,0.8140665521203401,0.7156479581193953,0.01,64,mbv2,0,0.2,123,64,0.01,mbv2_bs64_lr1e-2_wd_0_dp_2e-1_seed_123,C:\Users\jakub\Documents\Magisterskie\DeepLearning\mobilenet\experiments\bs_nowe_2\experiments\mbv2_bs64_lr1e-2_wd_0_dp_2e-1_seed_123
25,0.5823915010664198,0.8224557616657681,0.8200039638357299,0.718116197828736,0.01,64,mbv2,0,0.2,123,64,0.01,mbv2_bs64_lr1e-2_wd_0_dp_2e-1_seed_123,C:\Users\jakub\Documents\Magisterskie\DeepLearning\mobilenet\experiments\bs_nowe_2\experiments\mbv2_bs64_lr1e-2_wd_0_dp_2e-1_seed_123
0,1.7920910520341662,1.500866953192817,0.3993036523721096,0.3952669408278015,0.01,64,mbv2,0,0.2,2024,64,0.01,mbv2_bs64_lr1e-2_wd_0_dp_2e-1_seed_2024,C:\Users\jakub\Documents\Magisterskie\DeepLearning\mobilenet\experiments\bs_nowe_2\experiments\mbv2_bs64_lr1e-2_wd_0_dp_2e-1_seed_2024
1,1.442878984875149,1.363167865562439,0.503595229127074,0.4976228107966484,0.01,64,mbv2,0,0.2,2024,64,0.01,mbv2_bs64_lr1e-2_wd_0_dp_2e-1_seed_2024,C:\Users\jakub\Documents\Magisterskie\DeepLearning\mobilenet\experiments\bs_nowe_2\experiments\mbv2_bs64_lr1e-2_wd_0_dp_2e-1_seed_2024
2,1.2670017441007826,1.2556177291234334,0.5543244674528424,0.5427003802068834,0.01,64,mbv2,0,0.2,2024,64,0.01,mbv2_bs64_lr1e-2_wd_0_dp_2e-1_seed_2024,C:\Users\jakub\Documents\Magisterskie\DeepLearning\mobilenet\experiments\bs_nowe_2\experiments\mbv2_bs64_lr1e-2_wd_0_dp_2e-1_seed_2024
3,1.1636478710598417,1.1047828417883978,0.6100142728026756,0.592681990404593,0.01,64,mbv2,0,0.2,2024,64,0.01,mbv2_bs64_lr1e-2_wd_0_dp_2e-1_seed_2024,C:\Users\jakub\Documents\Magisterskie\DeepLearning\mobilenet\experiments\bs_nowe_2\experiments\mbv2_bs64_lr1e-2_wd_0_dp_2e-1_seed_2024
4,1.0879610902998182,1.0646248151885138,0.6358977618255544,0.6163899122997107,0.01,64,mbv2,0,0.2,2024,64,0.01,mbv2_bs64_lr1e-2_wd_0_dp_2e-1_seed_2024,C:\Users\jakub\Documents\Magisterskie\DeepLearning\mobilenet\experiments\bs_nowe_2\experiments\mbv2_bs64_lr1e-2_wd_0_dp_2e-1_seed_2024
5,1.0256191122690836,1.022855292860667,0.6550736887854438,0.6292745479167499,0.01,64,mbv2,0,0.2,2024,64,0.01,mbv2_bs64_lr1e-2_wd_0_dp_2e-1_seed_2024,C:\Users\jakub\Documents\Magisterskie\DeepLearning\mobilenet\experiments\bs_nowe_2\experiments\mbv2_bs64_lr1e-2_wd_0_dp_2e-1_seed_2024
6,0.9771229534573024,0.9690663258552552,0.6813078237372192,0.652912758850523,0.01,64,mbv2,0,0.2,2024,64,0.01,mbv2_bs64_lr1e-2_wd_0_dp_2e-1_seed_2024,C:\Users\jakub\Documents\Magisterskie\DeepLearning\mobilenet\experiments\bs_nowe_2\experiments\mbv2_bs64_lr1e-2_wd_0_dp_2e-1_seed_2024
7,0.928010009765625,0.9463994800143772,0.6833411697042784,0.651898607538121,0.01,64,mbv2,0,0.2,2024,64,0.01,mbv2_bs64_lr1e-2_wd_0_dp_2e-1_seed_2024,C:\Users\jakub\Documents\Magisterskie\DeepLearning\mobilenet\experiments\bs_nowe_2\experiments\mbv2_bs64_lr1e-2_wd_0_dp_2e-1_seed_2024
8,0.8914757905960083,0.8968464168230692,0.7170943915724177,0.677898213018467,0.01,64,mbv2,0,0.2,2024,64,0.01,mbv2_bs64_lr1e-2_wd_0_dp_2e-1_seed_2024,C:\Users\jakub\Documents\Magisterskie\DeepLearning\mobilenet\experiments\bs_nowe_2\experiments\mbv2_bs64_lr1e-2_wd_0_dp_2e-1_seed_2024
9,0.8532301428476969,0.9336392512215508,0.7004020293469982,0.66340169366692,0.01,64,mbv2,0,0.2,2024,64,0.01,mbv2_bs64_lr1e-2_wd_0_dp_2e-1_seed_2024,C:\Users\jakub\Documents\Magisterskie\DeepLearning\mobilenet\experiments\bs_nowe_2\experiments\mbv2_bs64_lr1e-2_wd_0_dp_2e-1_seed_2024
10,0.8214658799489339,0.8753088402483198,0.7361871882151096,0.6880848666270831,0.01,64,mbv2,0,0.2,2024,64,0.01,mbv2_bs64_lr1e-2_wd_0_dp_2e-1_seed_2024,C:\Users\jakub\Documents\Magisterskie\DeepLearning\mobilenet\experiments\bs_nowe_2\experiments\mbv2_bs64_lr1e-2_wd_0_dp_2e-1_seed_2024
11,0.7951583310445149,0.86270422539711,0.7394670683172861,0.6905614510105897,0.01,64,mbv2,0,0.2,2024,64,0.01,mbv2_bs64_lr1e-2_wd_0_dp_2e-1_seed_2024,C:\Users\jakub\Documents\Magisterskie\DeepLearning\mobilenet\experiments\bs_nowe_2\experiments\mbv2_bs64_lr1e-2_wd_0_dp_2e-1_seed_2024
12,0.7726416124131944,0.8563061966101329,0.7442947945602064,0.6928843360207829,0.01,64,mbv2,0,0.2,2024,64,0.01,mbv2_bs64_lr1e-2_wd_0_dp_2e-1_seed_2024,C:\Users\jakub\Documents\Magisterskie\DeepLearning\mobilenet\experiments\bs_nowe_2\experiments\mbv2_bs64_lr1e-2_wd_0_dp_2e-1_seed_2024
13,0.7503651856528388,0.8309867987261879,0.7601822569101265,0.7030347561514831,0.01,64,mbv2,0,0.2,2024,64,0.01,mbv2_bs64_lr1e-2_wd_0_dp_2e-1_seed_2024,C:\Users\jakub\Documents\Magisterskie\DeepLearning\mobilenet\experiments\bs_nowe_2\experiments\mbv2_bs64_lr1e-2_wd_0_dp_2e-1_seed_2024
14,0.7273114938312106,0.8368483080810971,0.765559301447052,0.7033892147558811,0.01,64,mbv2,0,0.2,2024,64,0.01,mbv2_bs64_lr1e-2_wd_0_dp_2e-1_seed_2024,C:\Users\jakub\Documents\Magisterskie\DeepLearning\mobilenet\experiments\bs_nowe_2\experiments\mbv2_bs64_lr1e-2_wd_0_dp_2e-1_seed_2024
15,0.7099346771028306,0.8479161025471158,0.76784884783669,0.704054526726616,0.01,64,mbv2,0,0.2,2024,64,0.01,mbv2_bs64_lr1e-2_wd_0_dp_2e-1_seed_2024,C:\Users\jakub\Documents\Magisterskie\DeepLearning\mobilenet\experiments\bs_nowe_2\experiments\mbv2_bs64_lr1e-2_wd_0_dp_2e-1_seed_2024
16,0.6894351943545871,0.8005129735575782,0.7833208972740735,0.7147204220933083,0.01,64,mbv2,0,0.2,2024,64,0.01,mbv2_bs64_lr1e-2_wd_0_dp_2e-1_seed_2024,C:\Users\jakub\Documents\Magisterskie\DeepLearning\mobilenet\experiments\bs_nowe_2\experiments\mbv2_bs64_lr1e-2_wd_0_dp_2e-1_seed_2024
17,0.6690004616737366,0.8261024527364307,0.7843746720732401,0.7096168764797407,0.01,64,mbv2,0,0.2,2024,64,0.01,mbv2_bs64_lr1e-2_wd_0_dp_2e-1_seed_2024,C:\Users\jakub\Documents\Magisterskie\DeepLearning\mobilenet\experiments\bs_nowe_2\experiments\mbv2_bs64_lr1e-2_wd_0_dp_2e-1_seed_2024
18,0.6535350789811876,0.8142196464485593,0.7966608907454077,0.7182773047919798,0.01,64,mbv2,0,0.2,2024,64,0.01,mbv2_bs64_lr1e-2_wd_0_dp_2e-1_seed_2024,C:\Users\jakub\Documents\Magisterskie\DeepLearning\mobilenet\experiments\bs_nowe_2\experiments\mbv2_bs64_lr1e-2_wd_0_dp_2e-1_seed_2024
19,0.6345756124072605,0.7951684258116616,0.8028951513331195,0.7217867640891248,0.01,64,mbv2,0,0.2,2024,64,0.01,mbv2_bs64_lr1e-2_wd_0_dp_2e-1_seed_2024,C:\Users\jakub\Documents\Magisterskie\DeepLearning\mobilenet\experiments\bs_nowe_2\experiments\mbv2_bs64_lr1e-2_wd_0_dp_2e-1_seed_2024
20,0.6244905919922723,0.7869090603404575,0.813995898150069,0.7264064968780442,0.01,64,mbv2,0,0.2,2024,64,0.01,mbv2_bs64_lr1e-2_wd_0_dp_2e-1_seed_2024,C:\Users\jakub\Documents\Magisterskie\DeepLearning\mobilenet\experiments\bs_nowe_2\experiments\mbv2_bs64_lr1e-2_wd_0_dp_2e-1_seed_2024
21,0.6078510794745551,0.8350293502251307,0.8039609752607049,0.7144014026329931,0.01,64,mbv2,0,0.2,2024,64,0.01,mbv2_bs64_lr1e-2_wd_0_dp_2e-1_seed_2024,C:\Users\jakub\Documents\Magisterskie\DeepLearning\mobilenet\experiments\bs_nowe_2\experiments\mbv2_bs64_lr1e-2_wd_0_dp_2e-1_seed_2024
22,0.5920794402228461,0.8187002554363675,0.8181530505101179,0.7220022779977981,0.01,64,mbv2,0,0.2,2024,64,0.01,mbv2_bs64_lr1e-2_wd_0_dp_2e-1_seed_2024,C:\Users\jakub\Documents\Magisterskie\DeepLearning\mobilenet\experiments\bs_nowe_2\experiments\mbv2_bs64_lr1e-2_wd_0_dp_2e-1_seed_2024
23,0.5780073533376058,0.821334231127633,0.8250842394409641,0.7218506762673399,0.01,64,mbv2,0,0.2,2024,64,0.01,mbv2_bs64_lr1e-2_wd_0_dp_2e-1_seed_2024,C:\Users\jakub\Documents\Magisterskie\DeepLearning\mobilenet\experiments\bs_nowe_2\experiments\mbv2_bs64_lr1e-2_wd_0_dp_2e-1_seed_2024
24,0.5685541082382202,0.8201420474661721,0.8270625144298218,0.7217548838786203,0.01,64,mbv2,0,0.2,2024,64,0.01,mbv2_bs64_lr1e-2_wd_0_dp_2e-1_seed_2024,C:\Users\jakub\Documents\Magisterskie\DeepLearning\mobilenet\experiments\bs_nowe_2\experiments\mbv2_bs64_lr1e-2_wd_0_dp_2e-1_seed_2024
25,0.5570631455633376,0.8110171421713299,0.8364933114096955,0.7241475668380108,0.01,64,mbv2,0,0.2,2024,64,0.01,mbv2_bs64_lr1e-2_wd_0_dp_2e-1_seed_2024,C:\Users\jakub\Documents\Magisterskie\DeepLearning\mobilenet\experiments\bs_nowe_2\experiments\mbv2_bs64_lr1e-2_wd_0_dp_2e-1_seed_2024
0,1.9659679408603243,1.7770035590277775,0.2807599924660225,0.2808172071461948,0.01,64,mbv2,0,0.2,42,64,0.01,mbv2_bs64_lr1e-2_wd_0_dp_2e-1_seed_42,C:\Users\jakub\Documents\Magisterskie\DeepLearning\mobilenet\experiments\bs_nowe_2\experiments\mbv2_bs64_lr1e-2_wd_0_dp_2e-1_seed_42
1,1.676040310075548,1.5450024122873942,0.4065683857230581,0.4037582256980957,0.01,64,mbv2,0,0.2,42,64,0.01,mbv2_bs64_lr1e-2_wd_0_dp_2e-1_seed_42,C:\Users\jakub\Documents\Magisterskie\DeepLearning\mobilenet\experiments\bs_nowe_2\experiments\mbv2_bs64_lr1e-2_wd_0_dp_2e-1_seed_42
2,1.443636371421814,1.5578863179206848,0.4094287905975931,0.4039910313764026,0.01,64,mbv2,0,0.2,42,64,0.01,mbv2_bs64_lr1e-2_wd_0_dp_2e-1_seed_42,C:\Users\jakub\Documents\Magisterskie\DeepLearning\mobilenet\experiments\bs_nowe_2\experiments\mbv2_bs64_lr1e-2_wd_0_dp_2e-1_seed_42
3,1.296754231007894,1.2372605726877848,0.5554472473044244,0.5393160979913145,0.01,64,mbv2,0,0.2,42,64,0.01,mbv2_bs64_lr1e-2_wd_0_dp_2e-1_seed_42,C:\Users\jakub\Documents\Magisterskie\DeepLearning\mobilenet\experiments\bs_nowe_2\experiments\mbv2_bs64_lr1e-2_wd_0_dp_2e-1_seed_42
4,1.1927263858159385,1.17549694603814,0.5827276354295368,0.5647927662733351,0.01,64,mbv2,0,0.2,42,64,0.01,mbv2_bs64_lr1e-2_wd_0_dp_2e-1_seed_42,C:\Users\jakub\Documents\Magisterskie\DeepLearning\mobilenet\experiments\bs_nowe_2\experiments\mbv2_bs64_lr1e-2_wd_0_dp_2e-1_seed_42
5,1.117093989054362,1.1075847095913358,0.6202189984834098,0.5955548399588333,0.01,64,mbv2,0,0.2,42,64,0.01,mbv2_bs64_lr1e-2_wd_0_dp_2e-1_seed_42,C:\Users\jakub\Documents\Magisterskie\DeepLearning\mobilenet\experiments\bs_nowe_2\experiments\mbv2_bs64_lr1e-2_wd_0_dp_2e-1_seed_42
6,1.0620369277954105,1.0682686311827765,0.6340876515798086,0.608236952820387,0.01,64,mbv2,0,0.2,42,64,0.01,mbv2_bs64_lr1e-2_wd_0_dp_2e-1_seed_42,C:\Users\jakub\Documents\Magisterskie\DeepLearning\mobilenet\experiments\bs_nowe_2\experiments\mbv2_bs64_lr1e-2_wd_0_dp_2e-1_seed_42
7,1.0103569952964784,1.0448513072543677,0.644439980333765,0.6128902233359789,0.01,64,mbv2,0,0.2,42,64,0.01,mbv2_bs64_lr1e-2_wd_0_dp_2e-1_seed_42,C:\Users\jakub\Documents\Magisterskie\DeepLearning\mobilenet\experiments\bs_nowe_2\experiments\mbv2_bs64_lr1e-2_wd_0_dp_2e-1_seed_42
8,0.9692590202755398,1.069216510131624,0.6448064391719757,0.6149893624025283,0.01,64,mbv2,0,0.2,42,64,0.01,mbv2_bs64_lr1e-2_wd_0_dp_2e-1_seed_42,C:\Users\jakub\Documents\Magisterskie\DeepLearning\mobilenet\experiments\bs_nowe_2\experiments\mbv2_bs64_lr1e-2_wd_0_dp_2e-1_seed_42
9,0.9304604279412164,0.9907818813853794,0.6806411561592258,0.6409693404875197,0.01,64,mbv2,0,0.2,42,64,0.01,mbv2_bs64_lr1e-2_wd_0_dp_2e-1_seed_42,C:\Users\jakub\Documents\Magisterskie\DeepLearning\mobilenet\experiments\bs_nowe_2\experiments\mbv2_bs64_lr1e-2_wd_0_dp_2e-1_seed_42
10,0.8953384842342801,0.9605254703097872,0.6899312834592564,0.6492698048769165,0.01,64,mbv2,0,0.2,42,64,0.01,mbv2_bs64_lr1e-2_wd_0_dp_2e-1_seed_42,C:\Users\jakub\Documents\Magisterskie\DeepLearning\mobilenet\experiments\bs_nowe_2\experiments\mbv2_bs64_lr1e-2_wd_0_dp_2e-1_seed_42
11,0.8667363756815593,0.9649167788690992,0.7008777256430078,0.6542177780556014,0.01,64,mbv2,0,0.2,42,64,0.01,mbv2_bs64_lr1e-2_wd_0_dp_2e-1_seed_42,C:\Users\jakub\Documents\Magisterskie\DeepLearning\mobilenet\experiments\bs_nowe_2\experiments\mbv2_bs64_lr1e-2_wd_0_dp_2e-1_seed_42
12,0.838071234342787,0.941275908973482,0.7070936333366838,0.6590005794488596,0.01,64,mbv2,0,0.2,42,64,0.01,mbv2_bs64_lr1e-2_wd_0_dp_2e-1_seed_42,C:\Users\jakub\Documents\Magisterskie\DeepLearning\mobilenet\experiments\bs_nowe_2\experiments\mbv2_bs64_lr1e-2_wd_0_dp_2e-1_seed_42
13,0.8165373418596056,0.9054346085071564,0.7350249134762393,0.6778718830318233,0.01,64,mbv2,0,0.2,42,64,0.01,mbv2_bs64_lr1e-2_wd_0_dp_2e-1_seed_42,C:\Users\jakub\Documents\Magisterskie\DeepLearning\mobilenet\experiments\bs_nowe_2\experiments\mbv2_bs64_lr1e-2_wd_0_dp_2e-1_seed_42
14,0.7895915878931681,0.9030332644621532,0.7371049069226326,0.6775698755169707,0.01,64,mbv2,0,0.2,42,64,0.01,mbv2_bs64_lr1e-2_wd_0_dp_2e-1_seed_42,C:\Users\jakub\Documents\Magisterskie\DeepLearning\mobilenet\experiments\bs_nowe_2\experiments\mbv2_bs64_lr1e-2_wd_0_dp_2e-1_seed_42
15,0.7671924857404497,0.8587770438936022,0.7587947551177228,0.6923454441033312,0.01,64,mbv2,0,0.2,42,64,0.01,mbv2_bs64_lr1e-2_wd_0_dp_2e-1_seed_42,C:\Users\jakub\Documents\Magisterskie\DeepLearning\mobilenet\experiments\bs_nowe_2\experiments\mbv2_bs64_lr1e-2_wd_0_dp_2e-1_seed_42
16,0.7491541202545166,0.9117822535620796,0.7497898084197414,0.6814197746341251,0.01,64,mbv2,0,0.2,42,64,0.01,mbv2_bs64_lr1e-2_wd_0_dp_2e-1_seed_42,C:\Users\jakub\Documents\Magisterskie\DeepLearning\mobilenet\experiments\bs_nowe_2\experiments\mbv2_bs64_lr1e-2_wd_0_dp_2e-1_seed_42
17,0.7305805903116862,0.8566021539847056,0.7736274758461854,0.6994005643947877,0.01,64,mbv2,0,0.2,42,64,0.01,mbv2_bs64_lr1e-2_wd_0_dp_2e-1_seed_42,C:\Users\jakub\Documents\Magisterskie\DeepLearning\mobilenet\experiments\bs_nowe_2\experiments\mbv2_bs64_lr1e-2_wd_0_dp_2e-1_seed_42
18,0.7107338904804653,0.8701158389674293,0.7667216997347548,0.6904750152378198,0.01,64,mbv2,0,0.2,42,64,0.01,mbv2_bs64_lr1e-2_wd_0_dp_2e-1_seed_42,C:\Users\jakub\Documents\Magisterskie\DeepLearning\mobilenet\experiments\bs_nowe_2\experiments\mbv2_bs64_lr1e-2_wd_0_dp_2e-1_seed_42
19,0.6928296776824527,0.8381518689632416,0.7894156019069362,0.7032280245687514,0.01,64,mbv2,0,0.2,42,64,0.01,mbv2_bs64_lr1e-2_wd_0_dp_2e-1_seed_42,C:\Users\jakub\Documents\Magisterskie\DeepLearning\mobilenet\experiments\bs_nowe_2\experiments\mbv2_bs64_lr1e-2_wd_0_dp_2e-1_seed_42
20,0.6795439570956759,0.8539454786406623,0.7947339899089816,0.7057930498556523,0.01,64,mbv2,0,0.2,42,64,0.01,mbv2_bs64_lr1e-2_wd_0_dp_2e-1_seed_42,C:\Users\jakub\Documents\Magisterskie\DeepLearning\mobilenet\experiments\bs_nowe_2\experiments\mbv2_bs64_lr1e-2_wd_0_dp_2e-1_seed_42
21,0.6603165490680271,0.8758297360645401,0.7789369841693718,0.6910771374107555,0.01,64,mbv2,0,0.2,42,64,0.01,mbv2_bs64_lr1e-2_wd_0_dp_2e-1_seed_42,C:\Users\jakub\Documents\Magisterskie\DeepLearning\mobilenet\experiments\bs_nowe_2\experiments\mbv2_bs64_lr1e-2_wd_0_dp_2e-1_seed_42
22,0.6431680408053928,0.8451202974875768,0.800348220737828,0.7063136699495677,0.01,64,mbv2,0,0.2,42,64,0.01,mbv2_bs64_lr1e-2_wd_0_dp_2e-1_seed_42,C:\Users\jakub\Documents\Magisterskie\DeepLearning\mobilenet\experiments\bs_nowe_2\experiments\mbv2_bs64_lr1e-2_wd_0_dp_2e-1_seed_42
23,0.6338984206517537,0.8622343339549171,0.8006824322102648,0.7030824315773816,0.01,64,mbv2,0,0.2,42,64,0.01,mbv2_bs64_lr1e-2_wd_0_dp_2e-1_seed_42,C:\Users\jakub\Documents\Magisterskie\DeepLearning\mobilenet\experiments\bs_nowe_2\experiments\mbv2_bs64_lr1e-2_wd_0_dp_2e-1_seed_42
24,0.6168592483520507,0.8904679065916273,0.8084711167768803,0.7052551358645067,0.01,64,mbv2,0,0.2,42,64,0.01,mbv2_bs64_lr1e-2_wd_0_dp_2e-1_seed_42,C:\Users\jakub\Documents\Magisterskie\DeepLearning\mobilenet\experiments\bs_nowe_2\experiments\mbv2_bs64_lr1e-2_wd_0_dp_2e-1_seed_42
25,0.603820299243927,0.8350439401255714,0.8138674840151667,0.7063001656577608,0.01,64,mbv2,0,0.2,42,64,0.01,mbv2_bs64_lr1e-2_wd_0_dp_2e-1_seed_42,C:\Users\jakub\Documents\Magisterskie\DeepLearning\mobilenet\experiments\bs_nowe_2\experiments\mbv2_bs64_lr1e-2_wd_0_dp_2e-1_seed_42
0,1.7946462457444932,1.6054199977874757,0.3817551980154012,0.3803797251055709,0.01,64,mbv2,0,0.2,7,64,0.01,mbv2_bs64_lr1e-2_wd_0_dp_2e-1_seed_7,C:\Users\jakub\Documents\Magisterskie\DeepLearning\mobilenet\experiments\bs_nowe_2\experiments\mbv2_bs64_lr1e-2_wd_0_dp_2e-1_seed_7
1,1.4103452479892309,1.315765831014845,0.517045150638141,0.5072448891995545,0.01,64,mbv2,0,0.2,7,64,0.01,mbv2_bs64_lr1e-2_wd_0_dp_2e-1_seed_7,C:\Users\jakub\Documents\Magisterskie\DeepLearning\mobilenet\experiments\bs_nowe_2\experiments\mbv2_bs64_lr1e-2_wd_0_dp_2e-1_seed_7
2,1.262063961897956,1.280635278193156,0.5424450308686215,0.5294222777376796,0.01,64,mbv2,0,0.2,7,64,0.01,mbv2_bs64_lr1e-2_wd_0_dp_2e-1_seed_7,C:\Users\jakub\Documents\Magisterskie\DeepLearning\mobilenet\experiments\bs_nowe_2\experiments\mbv2_bs64_lr1e-2_wd_0_dp_2e-1_seed_7
3,1.177328557311164,1.2352423533969454,0.5686124082886461,0.5510934897834618,0.01,64,mbv2,0,0.2,7,64,0.01,mbv2_bs64_lr1e-2_wd_0_dp_2e-1_seed_7,C:\Users\jakub\Documents\Magisterskie\DeepLearning\mobilenet\experiments\bs_nowe_2\experiments\mbv2_bs64_lr1e-2_wd_0_dp_2e-1_seed_7
4,1.1177537533548143,1.1649439271714952,0.6031174402428636,0.5845589806968299,0.01,64,mbv2,0,0.2,7,64,0.01,mbv2_bs64_lr1e-2_wd_0_dp_2e-1_seed_7,C:\Users\jakub\Documents\Magisterskie\DeepLearning\mobilenet\experiments\bs_nowe_2\experiments\mbv2_bs64_lr1e-2_wd_0_dp_2e-1_seed_7
5,1.060381281873915,1.0817204812473722,0.630062558059178,0.6052199296399543,0.01,64,mbv2,0,0.2,7,64,0.01,mbv2_bs64_lr1e-2_wd_0_dp_2e-1_seed_7,C:\Users\jakub\Documents\Magisterskie\DeepLearning\mobilenet\experiments\bs_nowe_2\experiments\mbv2_bs64_lr1e-2_wd_0_dp_2e-1_seed_7
6,1.0145309314727784,1.010430526203579,0.6533355096877485,0.6282188534261219,0.01,64,mbv2,0,0.2,7,64,0.01,mbv2_bs64_lr1e-2_wd_0_dp_2e-1_seed_7,C:\Users\jakub\Documents\Magisterskie\DeepLearning\mobilenet\experiments\bs_nowe_2\experiments\mbv2_bs64_lr1e-2_wd_0_dp_2e-1_seed_7
7,0.968641651089986,0.9486312092357212,0.6867012261375389,0.6552549611309165,0.01,64,mbv2,0,0.2,7,64,0.01,mbv2_bs64_lr1e-2_wd_0_dp_2e-1_seed_7,C:\Users\jakub\Documents\Magisterskie\DeepLearning\mobilenet\experiments\bs_nowe_2\experiments\mbv2_bs64_lr1e-2_wd_0_dp_2e-1_seed_7
8,0.9243266909281412,0.9881959166526796,0.6836289539851319,0.6476545886128171,0.01,64,mbv2,0,0.2,7,64,0.01,mbv2_bs64_lr1e-2_wd_0_dp_2e-1_seed_7,C:\Users\jakub\Documents\Magisterskie\DeepLearning\mobilenet\experiments\bs_nowe_2\experiments\mbv2_bs64_lr1e-2_wd_0_dp_2e-1_seed_7
9,0.8894657674365574,0.9566964206536612,0.692602670927186,0.6537416202475754,0.01,64,mbv2,0,0.2,7,64,0.01,mbv2_bs64_lr1e-2_wd_0_dp_2e-1_seed_7,C:\Users\jakub\Documents\Magisterskie\DeepLearning\mobilenet\experiments\bs_nowe_2\experiments\mbv2_bs64_lr1e-2_wd_0_dp_2e-1_seed_7
10,0.8573035831239488,0.9062259872463014,0.719851451032311,0.6751919563243554,0.01,64,mbv2,0,0.2,7,64,0.01,mbv2_bs64_lr1e-2_wd_0_dp_2e-1_seed_7,C:\Users\jakub\Documents\Magisterskie\DeepLearning\mobilenet\experiments\bs_nowe_2\experiments\mbv2_bs64_lr1e-2_wd_0_dp_2e-1_seed_7
11,0.8308930814637078,0.8932152216699388,0.7288438970017374,0.6808160090245451,0.01,64,mbv2,0,0.2,7,64,0.01,mbv2_bs64_lr1e-2_wd_0_dp_2e-1_seed_7,C:\Users\jakub\Documents\Magisterskie\DeepLearning\mobilenet\experiments\bs_nowe_2\experiments\mbv2_bs64_lr1e-2_wd_0_dp_2e-1_seed_7
12,0.80868865714603,0.8785330902258555,0.7332777102874486,0.6815108577706034,0.01,64,mbv2,0,0.2,7,64,0.01,mbv2_bs64_lr1e-2_wd_0_dp_2e-1_seed_7,C:\Users\jakub\Documents\Magisterskie\DeepLearning\mobilenet\experiments\bs_nowe_2\experiments\mbv2_bs64_lr1e-2_wd_0_dp_2e-1_seed_7
13,0.7802813689125909,0.8913954827520583,0.7409664330631501,0.684201480465773,0.01,64,mbv2,0,0.2,7,64,0.01,mbv2_bs64_lr1e-2_wd_0_dp_2e-1_seed_7,C:\Users\jakub\Documents\Magisterskie\DeepLearning\mobilenet\experiments\bs_nowe_2\experiments\mbv2_bs64_lr1e-2_wd_0_dp_2e-1_seed_7
14,0.7606067911042107,0.9013318408065372,0.7382610236076462,0.6822141055799651,0.01,64,mbv2,0,0.2,7,64,0.01,mbv2_bs64_lr1e-2_wd_0_dp_2e-1_seed_7,C:\Users\jakub\Documents\Magisterskie\DeepLearning\mobilenet\experiments\bs_nowe_2\experiments\mbv2_bs64_lr1e-2_wd_0_dp_2e-1_seed_7
15,0.7394615193472969,0.8817156797250112,0.7490332871011255,0.6882977170079674,0.01,64,mbv2,0,0.2,7,64,0.01,mbv2_bs64_lr1e-2_wd_0_dp_2e-1_seed_7,C:\Users\jakub\Documents\Magisterskie\DeepLearning\mobilenet\experiments\bs_nowe_2\experiments\mbv2_bs64_lr1e-2_wd_0_dp_2e-1_seed_7
16,0.7204786946402656,0.8572598366101583,0.7665282065999957,0.6996425562978021,0.01,64,mbv2,0,0.2,7,64,0.01,mbv2_bs64_lr1e-2_wd_0_dp_2e-1_seed_7,C:\Users\jakub\Documents\Magisterskie\DeepLearning\mobilenet\experiments\bs_nowe_2\experiments\mbv2_bs64_lr1e-2_wd_0_dp_2e-1_seed_7
17,0.7024021501541138,0.8525803440835741,0.771268717768272,0.6989738332314398,0.01,64,mbv2,0,0.2,7,64,0.01,mbv2_bs64_lr1e-2_wd_0_dp_2e-1_seed_7,C:\Users\jakub\Documents\Magisterskie\DeepLearning\mobilenet\experiments\bs_nowe_2\experiments\mbv2_bs64_lr1e-2_wd_0_dp_2e-1_seed_7
18,0.6845491323471069,0.8526845679601034,0.7829525189061919,0.7047192842922694,0.01,64,mbv2,0,0.2,7,64,0.01,mbv2_bs64_lr1e-2_wd_0_dp_2e-1_seed_7,C:\Users\jakub\Documents\Magisterskie\DeepLearning\mobilenet\experiments\bs_nowe_2\experiments\mbv2_bs64_lr1e-2_wd_0_dp_2e-1_seed_7
19,0.668907965098487,0.8286417080720265,0.7992792240807085,0.712613008680109,0.01,64,mbv2,0,0.2,7,64,0.01,mbv2_bs64_lr1e-2_wd_0_dp_2e-1_seed_7,C:\Users\jakub\Documents\Magisterskie\DeepLearning\mobilenet\experiments\bs_nowe_2\experiments\mbv2_bs64_lr1e-2_wd_0_dp_2e-1_seed_7
20,0.6519792737960816,0.8256245752228631,0.7994455655867557,0.7105668562099443,0.01,64,mbv2,0,0.2,7,64,0.01,mbv2_bs64_lr1e-2_wd_0_dp_2e-1_seed_7,C:\Users\jakub\Documents\Magisterskie\DeepLearning\mobilenet\experiments\bs_nowe_2\experiments\mbv2_bs64_lr1e-2_wd_0_dp_2e-1_seed_7
21,0.6359020208146837,0.8396410754097833,0.8001386354406363,0.710722424663826,0.01,64,mbv2,0,0.2,7,64,0.01,mbv2_bs64_lr1e-2_wd_0_dp_2e-1_seed_7,C:\Users\jakub\Documents\Magisterskie\DeepLearning\mobilenet\experiments\bs_nowe_2\experiments\mbv2_bs64_lr1e-2_wd_0_dp_2e-1_seed_7
22,0.6237786772727967,0.8399096094343398,0.7995346862411532,0.7103299497057307,0.01,64,mbv2,0,0.2,7,64,0.01,mbv2_bs64_lr1e-2_wd_0_dp_2e-1_seed_7,C:\Users\jakub\Documents\Magisterskie\DeepLearning\mobilenet\experiments\bs_nowe_2\experiments\mbv2_bs64_lr1e-2_wd_0_dp_2e-1_seed_7
23,0.6084459225654602,0.8348239791300561,0.8112517725343278,0.7118192664828193,0.01,64,mbv2,0,0.2,7,64,0.01,mbv2_bs64_lr1e-2_wd_0_dp_2e-1_seed_7,C:\Users\jakub\Documents\Magisterskie\DeepLearning\mobilenet\experiments\bs_nowe_2\experiments\mbv2_bs64_lr1e-2_wd_0_dp_2e-1_seed_7
24,0.5970130957391527,0.8458593297508028,0.8203676952575478,0.7150453774049634,0.01,64,mbv2,0,0.2,7,64,0.01,mbv2_bs64_lr1e-2_wd_0_dp_2e-1_seed_7,C:\Users\jakub\Documents\Magisterskie\DeepLearning\mobilenet\experiments\bs_nowe_2\experiments\mbv2_bs64_lr1e-2_wd_0_dp_2e-1_seed_7
25,0.5857265767627292,0.8306385594791836,0.8227816827489784,0.7160600636025543,0.01,64,mbv2,0,0.2,7,64,0.01,mbv2_bs64_lr1e-2_wd_0_dp_2e-1_seed_7,C:\Users\jakub\Documents\Magisterskie\DeepLearning\mobilenet\experiments\bs_nowe_2\experiments\mbv2_bs64_lr1e-2_wd_0_dp_2e-1_seed_7
0,1.8288590552435984,1.5964568699306911,0.3642888748990957,0.3602078406251772,0.01,64,mbv2,0,0.2,999,64,0.01,mbv2_bs64_lr1e-2_wd_0_dp_2e-1_seed_999,C:\Users\jakub\Documents\Magisterskie\DeepLearning\mobilenet\experiments\bs_nowe_2\experiments\mbv2_bs64_lr1e-2_wd_0_dp_2e-1_seed_999
1,1.4270633616341486,1.315710234981113,0.5189839248029068,0.5091691551994815,0.01,64,mbv2,0,0.2,999,64,0.01,mbv2_bs64_lr1e-2_wd_0_dp_2e-1_seed_999,C:\Users\jakub\Documents\Magisterskie\DeepLearning\mobilenet\experiments\bs_nowe_2\experiments\mbv2_bs64_lr1e-2_wd_0_dp_2e-1_seed_999
2,1.2515027547624376,1.2889151400460137,0.5308226130064836,0.5205403539250879,0.01,64,mbv2,0,0.2,999,64,0.01,mbv2_bs64_lr1e-2_wd_0_dp_2e-1_seed_999,C:\Users\jakub\Documents\Magisterskie\DeepLearning\mobilenet\experiments\bs_nowe_2\experiments\mbv2_bs64_lr1e-2_wd_0_dp_2e-1_seed_999
3,1.1596810312483046,1.144529651631249,0.5951391193116778,0.5795130282944841,0.01,64,mbv2,0,0.2,999,64,0.01,mbv2_bs64_lr1e-2_wd_0_dp_2e-1_seed_999,C:\Users\jakub\Documents\Magisterskie\DeepLearning\mobilenet\experiments\bs_nowe_2\experiments\mbv2_bs64_lr1e-2_wd_0_dp_2e-1_seed_999
4,1.0914524146609836,1.085879196029239,0.6270690261846228,0.6082779608896953,0.01,64,mbv2,0,0.2,999,64,0.01,mbv2_bs64_lr1e-2_wd_0_dp_2e-1_seed_999,C:\Users\jakub\Documents\Magisterskie\DeepLearning\mobilenet\experiments\bs_nowe_2\experiments\mbv2_bs64_lr1e-2_wd_0_dp_2e-1_seed_999
5,1.0315373617066277,1.109141444741355,0.6316577611067358,0.6105305393638463,0.01,64,mbv2,0,0.2,999,64,0.01,mbv2_bs64_lr1e-2_wd_0_dp_2e-1_seed_999,C:\Users\jakub\Documents\Magisterskie\DeepLearning\mobilenet\experiments\bs_nowe_2\experiments\mbv2_bs64_lr1e-2_wd_0_dp_2e-1_seed_999
6,0.9819428694407144,0.9908440405951606,0.6621070452053666,0.6351304321246813,0.01,64,mbv2,0,0.2,999,64,0.01,mbv2_bs64_lr1e-2_wd_0_dp_2e-1_seed_999,C:\Users\jakub\Documents\Magisterskie\DeepLearning\mobilenet\experiments\bs_nowe_2\experiments\mbv2_bs64_lr1e-2_wd_0_dp_2e-1_seed_999
7,0.9325056829346552,0.9268923610369364,0.7025046675409069,0.6701201246602088,0.01,64,mbv2,0,0.2,999,64,0.01,mbv2_bs64_lr1e-2_wd_0_dp_2e-1_seed_999,C:\Users\jakub\Documents\Magisterskie\DeepLearning\mobilenet\experiments\bs_nowe_2\experiments\mbv2_bs64_lr1e-2_wd_0_dp_2e-1_seed_999
8,0.8935364903767904,0.9725137117173936,0.6980587843605166,0.6629873830161938,0.01,64,mbv2,0,0.2,999,64,0.01,mbv2_bs64_lr1e-2_wd_0_dp_2e-1_seed_999,C:\Users\jakub\Documents\Magisterskie\DeepLearning\mobilenet\experiments\bs_nowe_2\experiments\mbv2_bs64_lr1e-2_wd_0_dp_2e-1_seed_999
9,0.8553572380383809,0.913811181778378,0.7211536325010066,0.6787652432597608,0.01,64,mbv2,0,0.2,999,64,0.01,mbv2_bs64_lr1e-2_wd_0_dp_2e-1_seed_999,C:\Users\jakub\Documents\Magisterskie\DeepLearning\mobilenet\experiments\bs_nowe_2\experiments\mbv2_bs64_lr1e-2_wd_0_dp_2e-1_seed_999
10,0.8275460527526007,0.8587259251117706,0.7381548947288209,0.6911627137582145,0.01,64,mbv2,0,0.2,999,64,0.01,mbv2_bs64_lr1e-2_wd_0_dp_2e-1_seed_999,C:\Users\jakub\Documents\Magisterskie\DeepLearning\mobilenet\experiments\bs_nowe_2\experiments\mbv2_bs64_lr1e-2_wd_0_dp_2e-1_seed_999
11,0.8000340734640757,0.8770598245832655,0.73679522236229,0.6868871217496231,0.01,64,mbv2,0,0.2,999,64,0.01,mbv2_bs64_lr1e-2_wd_0_dp_2e-1_seed_999,C:\Users\jakub\Documents\Magisterskie\DeepLearning\mobilenet\experiments\bs_nowe_2\experiments\mbv2_bs64_lr1e-2_wd_0_dp_2e-1_seed_999
12,0.7724937363306681,0.8627301498466068,0.747482183271079,0.6923434024639318,0.01,64,mbv2,0,0.2,999,64,0.01,mbv2_bs64_lr1e-2_wd_0_dp_2e-1_seed_999,C:\Users\jakub\Documents\Magisterskie\DeepLearning\mobilenet\experiments\bs_nowe_2\experiments\mbv2_bs64_lr1e-2_wd_0_dp_2e-1_seed_999
13,0.7478595551596747,0.8324740166134305,0.7681686759872937,0.7092211143559881,0.01,64,mbv2,0,0.2,999,64,0.01,mbv2_bs64_lr1e-2_wd_0_dp_2e-1_seed_999,C:\Users\jakub\Documents\Magisterskie\DeepLearning\mobilenet\experiments\bs_nowe_2\experiments\mbv2_bs64_lr1e-2_wd_0_dp_2e-1_seed_999
14,0.7263590673658583,0.8560971272097694,0.7600805093599621,0.6965411008170904,0.01,64,mbv2,0,0.2,999,64,0.01,mbv2_bs64_lr1e-2_wd_0_dp_2e-1_seed_999,C:\Users\jakub\Documents\Magisterskie\DeepLearning\mobilenet\experiments\bs_nowe_2\experiments\mbv2_bs64_lr1e-2_wd_0_dp_2e-1_seed_999
15,0.7024688688702053,0.8165791259500715,0.7799004386804171,0.7111701074744939,0.01,64,mbv2,0,0.2,999,64,0.01,mbv2_bs64_lr1e-2_wd_0_dp_2e-1_seed_999,C:\Users\jakub\Documents\Magisterskie\DeepLearning\mobilenet\experiments\bs_nowe_2\experiments\mbv2_bs64_lr1e-2_wd_0_dp_2e-1_seed_999
16,0.6864549838807847,0.8255084411197239,0.7824282987854657,0.7128567471767037,0.01,64,mbv2,0,0.2,999,64,0.01,mbv2_bs64_lr1e-2_wd_0_dp_2e-1_seed_999,C:\Users\jakub\Documents\Magisterskie\DeepLearning\mobilenet\experiments\bs_nowe_2\experiments\mbv2_bs64_lr1e-2_wd_0_dp_2e-1_seed_999
17,0.6672333507696787,0.8200522630585565,0.7874883601015935,0.7078108630781136,0.01,64,mbv2,0,0.2,999,64,0.01,mbv2_bs64_lr1e-2_wd_0_dp_2e-1_seed_999,C:\Users\jakub\Documents\Magisterskie\DeepLearning\mobilenet\experiments\bs_nowe_2\experiments\mbv2_bs64_lr1e-2_wd_0_dp_2e-1_seed_999
18,0.6479781063715617,0.8197769140534931,0.7985928779880862,0.7149194675182171,0.01,64,mbv2,0,0.2,999,64,0.01,mbv2_bs64_lr1e-2_wd_0_dp_2e-1_seed_999,C:\Users\jakub\Documents\Magisterskie\DeepLearning\mobilenet\experiments\bs_nowe_2\experiments\mbv2_bs64_lr1e-2_wd_0_dp_2e-1_seed_999
19,0.6323447983423869,0.8134041635857688,0.8021001882232959,0.7162720155512626,0.01,64,mbv2,0,0.2,999,64,0.01,mbv2_bs64_lr1e-2_wd_0_dp_2e-1_seed_999,C:\Users\jakub\Documents\Magisterskie\DeepLearning\mobilenet\experiments\bs_nowe_2\experiments\mbv2_bs64_lr1e-2_wd_0_dp_2e-1_seed_999
20,0.61525130666097,0.8176568736341264,0.8122009173290745,0.7164642974953599,0.01,64,mbv2,0,0.2,999,64,0.01,mbv2_bs64_lr1e-2_wd_0_dp_2e-1_seed_999,C:\Users\jakub\Documents\Magisterskie\DeepLearning\mobilenet\experiments\bs_nowe_2\experiments\mbv2_bs64_lr1e-2_wd_0_dp_2e-1_seed_999
21,0.5981515753640069,0.8444583123260074,0.8202648813327326,0.7218665685058284,0.01,64,mbv2,0,0.2,999,64,0.01,mbv2_bs64_lr1e-2_wd_0_dp_2e-1_seed_999,C:\Users\jakub\Documents\Magisterskie\DeepLearning\mobilenet\experiments\bs_nowe_2\experiments\mbv2_bs64_lr1e-2_wd_0_dp_2e-1_seed_999
22,0.5859445482783847,0.7986832699484295,0.8254986459415982,0.722984109024976,0.01,64,mbv2,0,0.2,999,64,0.01,mbv2_bs64_lr1e-2_wd_0_dp_2e-1_seed_999,C:\Users\jakub\Documents\Magisterskie\DeepLearning\mobilenet\experiments\bs_nowe_2\experiments\mbv2_bs64_lr1e-2_wd_0_dp_2e-1_seed_999
23,0.5714225624720256,0.8001223323451148,0.832684466114445,0.7244623821147631,0.01,64,mbv2,0,0.2,999,64,0.01,mbv2_bs64_lr1e-2_wd_0_dp_2e-1_seed_999,C:\Users\jakub\Documents\Magisterskie\DeepLearning\mobilenet\experiments\bs_nowe_2\experiments\mbv2_bs64_lr1e-2_wd_0_dp_2e-1_seed_999
24,0.5570108791563246,0.8035853894922469,0.836557717292912,0.7230711032076891,0.01,64,mbv2,0,0.2,999,64,0.01,mbv2_bs64_lr1e-2_wd_0_dp_2e-1_seed_999,C:\Users\jakub\Documents\Magisterskie\DeepLearning\mobilenet\experiments\bs_nowe_2\experiments\mbv2_bs64_lr1e-2_wd_0_dp_2e-1_seed_999
25,0.542301092561086,0.8181975623819563,0.8395010435931225,0.7255287653278416,0.01,64,mbv2,0,0.2,999,64,0.01,mbv2_bs64_lr1e-2_wd_0_dp_2e-1_seed_999,C:\Users\jakub\Documents\Magisterskie\DeepLearning\mobilenet\experiments\bs_nowe_2\experiments\mbv2_bs64_lr1e-2_wd_0_dp_2e-1_seed_999
